No,R,PCC,XYZ,C Blue Red Yellow
1,....,[ 0.60856428  0.58208062  0.75380871],[  94.78141402  100.          107.35197444],[ 0.  0.  0.]
2,....,[-0.05561835 -0.33729653 -0.23763744],[ 62.15036708  54.97549795   8.32999944],[ 0.   0.   0.1]
3,....,[-0.07912904 -0.35314249 -0.31339362],[ 56.7105807   47.54279053   4.54394857],[ 0.   0.   0.2]
4,....,[-0.09149944 -0.34654801 -0.34641918],[ 53.22971271  43.18069741   3.13416937],[ 0.   0.   0.3]
5,....,[-0.10030692 -0.33617442 -0.36477381],[ 50.61309094  40.10062721   2.39492803],[ 0.   0.   0.4]
6,....,[-0.10722848 -0.32562101 -0.37612316],[ 48.49848675  37.72827486   1.93900921],[ 0.   0.   0.5]
7,....,[-0.11292562 -0.31578947 -0.38353698],[ 46.71667708  35.80499021   1.6294644 ],[ 0.   0.   0.6]
8,....,[-0.11774464 -0.30687634 -0.38851265],[ 45.17360492  34.19194196   1.40543943],[ 0.   0.   0.7]
9,....,[-0.12189721 -0.29886495 -0.39187617],[ 43.8110881   32.80594786   1.23573899],[ 0.   0.   0.8]
10,....,[-0.12552518 -0.29167487 -0.39412329],[ 42.59040643  31.59322926   1.10270953],[ 0.   0.   0.9]
11,....,[-0.12872945 -0.28521233 -0.3955705 ],[ 41.4843803   30.5170157    0.99560614],[ 0.  0.  1.]
12,....,[-0.01070188 -0.01797642 -0.25622641],[ 35.15618952  21.12412823  18.22012324],[ 0.   0.1  0. ]
13,....,[-0.1259864  -0.14400454 -0.36935247],[ 32.22474676  19.94905056   5.83824659],[ 0.   0.1  0.1]
14,....,[-0.14585805 -0.16560858 -0.38652224],[ 31.29353062  19.35658018   3.58358649],[ 0.   0.1  0.2]
15,....,[-0.15404373 -0.17507469 -0.39277553],[ 30.63396269  18.90542361   2.6011577 ],[ 0.   0.1  0.3]
16,....,[-0.15844636 -0.18049706 -0.39541242],[ 30.08244796  18.52456152   2.04695927],[ 0.   0.1  0.4]
17,....,[-0.16117421 -0.1840424  -0.39640542],[ 29.59208409  18.18784574   1.68994336],[ 0.   0.1  0.5]
18,....,[-0.1630251  -0.18654819 -0.3965223 ],[ 29.14314826  17.88241568   1.44031671],[ 0.   0.1  0.6]
19,....,[-0.16436503 -0.18841098 -0.3961268 ],[ 28.72533675  17.60084435   1.25574823],[ 0.   0.1  0.7]
20,....,[-0.16538411 -0.18984487 -0.39541396],[ 28.33245019  17.3383757    1.11362387],[ 0.   0.1  0.8]
21,....,[-0.16619017 -0.19097665 -0.3944976 ],[ 27.96037473  17.09173627   1.00074703],[ 0.   0.1  0.9]
22,....,[-0.16684845 -0.19188668 -0.39344834],[ 27.60618088  16.85855021   0.90889122],[ 0.   0.1  1. ]
23,....,[-0.07019257 -0.09021812 -0.29258502],[ 27.94537143  15.74853617  11.15261489],[ 0.   0.2  0. ]
24,....,[-0.13224472 -0.15950675 -0.35655916],[ 26.36141117  15.2162391    4.72144696],[ 0.   0.2  0.1]
25,....,[-0.14775381 -0.17521712 -0.36993618],[ 25.74024824  14.9020642    3.08953498],[ 0.   0.2  0.2]
26,....,[-0.1549965  -0.18224017 -0.3752686 ],[ 25.29686691  14.65150942   2.31308264],[ 0.   0.2  0.3]
27,....,[-0.15921254 -0.18618465 -0.37773276],[ 24.92621797  14.43402905   1.85452482],[ 0.   0.2  0.4]
28,....,[-0.16198085 -0.18868312 -0.37883968],[ 24.59600679  14.23779912   1.55046756],[ 0.   0.2  0.5]
29,....,[-0.16394472 -0.19038769 -0.37920039],[ 24.29248748  14.05687325   1.33356141],[ 0.   0.2  0.6]
30,....,[-0.1654158  -0.19161013 -0.37911147],[ 24.00857299  13.88777618   1.17078856],[ 0.   0.2  0.7]
31,....,[-0.16656347 -0.19251828 -0.37873494],[ 23.74010199  13.72826561   1.04400313],[ 0.   0.2  0.8]
32,....,[-0.16748765 -0.19321046 -0.37816695],[ 23.48438875  13.57678935   0.94238416],[ 0.   0.2  0.9]
33,....,[-0.16825105 -0.19374808 -0.37746814],[ 23.23957141  13.43221514   0.85906933],[ 0.   0.2  1. ]
34,....,[-0.09642254 -0.12398319 -0.30129134],[ 24.05552724  13.13316219   8.11922582],[ 0.   0.3  0. ]
35,....,[-0.13709031 -0.16998888 -0.34455798],[ 23.00844288  12.80677965   4.00813838],[ 0.   0.3  0.1]
36,....,[-0.14951013 -0.18245783 -0.35568167],[ 22.5377659   12.59558021   2.74268024],[ 0.   0.3  0.2]
37,....,[-0.15576605 -0.18823645 -0.36049284],[ 22.19643451  12.42222196   2.10163148],[ 0.   0.3  0.3]
38,....,[-0.1595814  -0.19149219 -0.3629082 ],[ 21.9103221   12.26921838   1.70969507],[ 0.   0.3  0.4]
39,....,[-0.16217212 -0.19352688 -0.36414707],[ 21.65510411  12.12952269   1.44387185],[ 0.   0.3  0.5]
40,....,[-0.1640587  -0.19488139 -0.36472016],[ 21.42013314  11.99952033   1.25116194],[ 0.   0.3  0.6]
41,....,[-0.16550225 -0.19582073 -0.36488138],[ 21.19986927  11.87707569   1.10478056],[ 0.   0.3  0.7]
42,....,[-0.16664848 -0.19648975 -0.36477205],[ 20.99106616  11.76080184   0.9896725 ],[ 0.   0.3  0.8]
43,....,[-0.16758523 -0.19697414 -0.36447738],[ 20.79164647  11.64973462   0.89670165],[ 0.   0.3  0.9]
44,....,[-0.16836865 -0.19732766 -0.36405196],[ 20.6001874   11.54316858   0.81999222],[ 0.   0.3  1. ]
45,....,[-0.11159881 -0.14391079 -0.30267591],[ 21.45734996  11.4807072    6.40533332],[ 0.   0.4  0. ]
46,....,[-0.14093394 -0.17734109 -0.33456908],[ 20.69537068  11.25230078   3.50011219],[ 0.   0.4  0.1]
47,....,[-0.15117327 -0.1876351  -0.34407679],[ 20.31744218  11.09490697   2.47803525],[ 0.   0.4  0.2]
48,....,[-0.15661914 -0.19257772 -0.34846683],[ 20.03873461  10.96300674   1.9344072 ],[ 0.   0.4  0.3]
49,....,[-0.16005469 -0.19539399 -0.35081135],[ 19.80414669  10.8452103    1.59261179],[ 0.   0.4  0.4]
50,....,[-0.1624444  -0.19715059 -0.35212006],[ 19.59456568  10.73676951   1.35642693],[ 0.   0.4  0.5]
51,....,[-0.16421714 -0.19830605 -0.35282878],[ 19.40138469  10.63520575   1.18286999],[ 0.   0.4  0.6]
52,....,[-0.16559398 -0.19909035 -0.35315862],[ 19.22006083  10.53903962   1.04966664],[ 0.   0.4  0.7]
53,....,[-0.16670091 -0.19963136 -0.35323459],[ 19.04791738  10.44730443   0.94405912],[ 0.   0.4  0.8]
54,....,[-0.16761512 -0.20000566 -0.35313305],[ 18.88324226  10.35932558   0.85819022],[ 0.   0.4  0.9]
55,....,[-0.16838663 -0.20026178 -0.35290348],[ 18.72486789  10.27460822   0.78694575],[ 0.   0.4  1. ]
56,....,[-0.12163821 -0.157108   -0.30142444],[ 19.53933853  10.30462841   5.29712509],[ 0.   0.5  0. ]
57,....,[-0.14406283 -0.18276087 -0.32619902],[ 18.95182151  10.13234927   3.11531823],[ 0.   0.5  0.1]
58,....,[-0.15270092 -0.19147068 -0.33447098],[ 18.63758764  10.00797627   2.26658427],[ 0.   0.5  0.2]
59,....,[-0.1574935  -0.19578897 -0.3385007 ],[ 18.40211495   9.90206536   1.79680748],[ 0.   0.5  0.3]
60,....,[-0.16059855 -0.19828305 -0.34075812],[ 18.20298021   9.80661793   1.49443499],[ 0.   0.5  0.4]
61,....,[-0.16279984 -0.1998439  -0.34209427],[ 18.0247499    9.71819927   1.28213549],[ 0.   0.5  0.5]
62,....,[-0.16445672 -0.20086592 -0.34288637],[ 17.86028818   9.63498774   1.12429389],[ 0.   0.5  0.6]
63,....,[-0.16575866 -0.20155104 -0.34332922],[ 17.70577054   9.5558857    1.00205262],[ 0.   0.5  0.7]
64,....,[-0.16681548 -0.20201332 -0.34353442],[ 17.55892499   9.48017167   0.90443378],[ 0.   0.5  0.8]
65,....,[-0.16769543 -0.20232192 -0.34357089],[ 17.41829359   9.4073403    0.82458873],[ 0.   0.5  0.9]
66,....,[-0.16844324 -0.20252111 -0.3434837 ],[ 17.28288239   9.33701998   0.75801265],[ 0.   0.5  1. ]
67,....,[-0.12884086 -0.16647852 -0.29911956],[ 18.03766532   9.40797876   4.51949667],[ 0.   0.6  0. ]
68,....,[-0.14667016 -0.18690553 -0.31906673],[ 17.56659022   9.27158296   2.8117294 ],[ 0.   0.6  0.1]
69,....,[-0.15408964 -0.19440491 -0.32635926],[ 17.29898979   9.16948862   2.09238043],[ 0.   0.6  0.2]
70,....,[-0.15835039 -0.19823119 -0.33007588],[ 17.09547055   9.08141779   1.68060972],[ 0.   0.6  0.3]
71,....,[-0.16117215 -0.2004718  -0.33223971],[ 16.92251348   9.00146625   1.4101633 ],[ 0.   0.6  0.4]
72,....,[-0.1632044  -0.20188209 -0.33357762],[ 16.76740528   8.92703038   1.21761944],[ 0.   0.6  0.5]
73,....,[-0.16475262 -0.20280509 -0.33441961],[ 16.62412412   8.85670907   1.07298094],[ 0.   0.6  0.6]
74,....,[-0.16598093 -0.2034197  -0.33493885],[ 16.48939382   8.78965054   0.96006172],[ 0.   0.6  0.7]
75,....,[-0.1669859  -0.2038284  -0.33523572],[ 16.36125025   8.72529172   0.8693025 ],[ 0.   0.6  0.8]
76,....,[-0.16782828 -0.20409404 -0.3353728 ],[ 16.23842676   8.66323675   0.79467105],[ 0.   0.6  0.9]
77,....,[-0.13429909 -0.17345075 -0.29640484],[ 16.81529436   8.69292664   3.94280887],[ 0.   0.7  0. ]
78,....,[-0.14888581 -0.19016173 -0.31289345],[ 16.42669015   8.58120862   2.5650572 ],[ 0.   0.7  0.1]
79,....,[-0.1553505  -0.19670568 -0.31939039],[ 16.19473721   8.49512045   1.94563217],[ 0.   0.7  0.2]
80,....,[-0.15917227 -0.20013125 -0.32283273],[ 16.01591736   8.42005389   1.58062871],[ 0.   0.7  0.3]
81,....,[-0.16175093 -0.20216415 -0.32490237],[ 15.86320821   8.35149232   1.33660789],[ 0.   0.7  0.4]
82,....,[-0.16363327 -0.20345236 -0.32622667],[ 15.72597383   8.28739514   1.16071931],[ 0.   0.7  0.5]
83,....,[-0.16508216 -0.20429701 -0.32709682],[ 15.59906369   8.22664927   1.02736645],[ 0.   0.7  0.6]
84,....,[-0.1662412  -0.20485771 -0.32766789],[ 15.47963523   8.16857232   0.92250208],[ 0.   0.7  0.7]
85,....,[-0.16719594 -0.2052271  -0.32803074],[ 15.36596835   8.1127107    0.83772202],[ 0.   0.7  0.8]
86,....,[-0.13860216 -0.17881567 -0.29357064],[ 15.79228415   8.10430002   3.49765989],[ 0.   0.8  0. ]
87,....,[-0.15079929 -0.19277247 -0.30747939],[ 15.46468449   8.01046289   2.36009119],[ 0.   0.8  0.1]
88,....,[-0.1564981  -0.19854391 -0.31331795],[ 15.26085117   7.93640259   1.81988072],[ 0.   0.8  0.2]
89,....,[-0.1599525  -0.20163566 -0.31651846],[ 15.10174465   7.87123034   1.49335503],[ 0.   0.8  0.3]
90,....,[-0.1623213  -0.20349379 -0.31849641],[ 14.96522322   7.81139651   1.27158196],[ 0.   0.8  0.4]
91,....,[-0.16407087 -0.20467965 -0.31979798],[ 14.84227671   7.7552611    1.10994531],[ 0.   0.8  0.5]
92,....,[-0.1654298  -0.20545958 -0.32068193],[ 14.72845219   7.70191811   0.98636924],[ 0.   0.8  0.6]
93,....,[-0.16652474 -0.20597692 -0.32128796],[ 14.62125859   7.65080767   0.88855106],[ 0.   0.8  0.7]
94,....,[-0.14209756 -0.18304915 -0.29075526],[ 14.91810757   7.60815495   3.14343301],[ 0.   0.9  0. ]
95,....,[-0.15247417 -0.19489878 -0.30267902],[ 14.63716257   7.52779254   2.18673655],[ 0.   0.9  0.1]
96,....,[-0.15754665 -0.2000338  -0.30796457],[ 14.45605192   7.46308099   1.71064222],[ 0.   0.9  0.2]
97,....,[-0.16068975 -0.20284272 -0.31095062],[ 14.31306355   7.40568302   1.41629346],[ 0.   0.9  0.3]
98,....,[-0.16287609 -0.20455106 -0.31284089],[ 14.18980892   7.3527492    1.21350944],[ 0.   0.9  0.4]
99,....,[-0.16450777 -0.20564912 -0.31411442],[ 14.07857516   7.30293531   1.0642157 ],[ 0.   0.9  0.5]
100,....,[-0.16578536 -0.20637404 -0.3150025 ],[ 13.97547802   7.25548984   0.94920138],[ 0.   0.9  0.6]
101,....,[-0.1450042  -0.18645569 -0.28802551],[ 14.15889154   7.18223555   2.85473243],[ 0.  1.  0.]
102,....,[-0.15395682 -0.19665201 -0.29838382],[ 13.91458278   7.11234321   2.03799016],[ 0.   1.   0.1]
103,....,[-0.15850881 -0.20125472 -0.30319907],[ 13.75218938   7.05509207   1.61468094],[ 0.   1.   0.2]
104,....,[-0.1613852  -0.20382084 -0.30599394],[ 13.62263144   7.00395784   1.34760346],[ 0.   1.   0.3]
105,....,[-0.16341174 -0.205399   -0.30780122],[ 13.51046234   6.95661358   1.16121225],[ 0.   1.   0.4]
106,....,[-0.16493833 -0.2064205  -0.30904376],[ 13.409021     6.91193993   1.02271527],[ 0.   1.   0.5]
107,....,[ 0.20039447  0.25530752  0.31679931],[ 15.70848452  17.13351195  50.815224  ],[ 0.1  0.   0. ]
108,....,[-0.14458428 -0.13297908 -0.01350832],[  7.85358534  10.27978931   7.77403819],[ 0.1  0.   0.1]
109,....,[-0.16110815 -0.17934657 -0.05500599],[ 7.09694075  8.85885689  4.32665026],[ 0.1  0.   0.2]
110,....,[-0.16498664 -0.20058915 -0.07473818],[ 6.74614666  8.08554178  3.008998  ],[ 0.1  0.   0.3]
111,....,[-0.16617485 -0.21298076 -0.08693857],[ 6.52457569  7.56594606  2.31038831],[ 0.1  0.   0.4]
112,....,[-0.16655399 -0.22104048 -0.09551718],[ 6.36372453  7.17982122  1.8767671 ],[ 0.1  0.   0.5]
113,....,[-0.16665917 -0.2266107  -0.10203813],[ 6.2374947   6.87523716  1.58109249],[ 0.1  0.   0.6]
114,....,[-0.16667529 -0.23060526 -0.10726167],[ 6.13345001  6.62526733  1.36642611],[ 0.1  0.   0.7]
115,....,[-0.16667266 -0.2335361  -0.11160573],[ 6.04477482  6.41424131  1.20341039],[ 0.1  0.   0.8]
116,....,[-0.16667863 -0.23571497 -0.11532075],[ 5.96735649  6.23227835  1.0753613 ],[ 0.1  0.   0.9]
117,....,[-0.16670303 -0.23734369 -0.11856675],[ 5.8985326   6.07276885  0.97209085],[ 0.1  0.   1. ]
118,....,[-0.03716131 -0.05495192  0.00986512],[  7.94226794   6.01997583  16.50082928],[ 0.1  0.1  0. ]
119,....,[-0.13597643 -0.16335213 -0.08874801],[ 5.85421019  5.23527773  5.65771195],[ 0.1  0.1  0.1]
120,....,[-0.15453526 -0.18460077 -0.10837195],[ 5.44066428  4.93405636  3.5096641 ],[ 0.1  0.1  0.2]
121,....,[-0.16217275 -0.19432259 -0.11784369],[ 5.24954511  4.74500033  2.55906372],[ 0.1  0.1  0.3]
122,....,[-0.16621065 -0.20006531 -0.12381083],[ 5.13401267  4.60685571  2.01893407],[ 0.1  0.1  0.4]
123,....,[-0.168646   -0.20391383 -0.12810414],[ 5.05365345  4.49778608  1.6695037 ],[ 0.1  0.1  0.5]
124,....,[-0.17024239 -0.20669046 -0.1314462 ],[ 4.9927133   4.40751375  1.42449704],[ 0.1  0.1  0.6]
125,....,[-0.17135209 -0.20879094 -0.13418523],[ 4.94373618  4.3303887   1.24298518],[ 0.1  0.1  0.7]
126,....,[-0.17215857 -0.21043208 -0.13651221],[ 4.90271761  4.26297505  1.10300806],[ 0.1  0.1  0.8]
127,....,[-0.17276595 -0.21174395 -0.13854179],[ 4.86730466  4.20302878  0.99170971],[ 0.1  0.1  0.9]
128,....,[-0.17323719 -0.21281011 -0.14034765],[ 4.83601835  4.14900408  0.9010563 ],[ 0.1  0.1  1. ]
129,....,[-0.08678842 -0.10754737 -0.04850789],[  6.32324303   4.38476335  10.47108952],[ 0.1  0.2  0. ]
130,....,[-0.14186561 -0.16987049 -0.10678888],[ 5.17470861  4.03931937  4.6059483 ],[ 0.1  0.2  0.1]
131,....,[-0.15633585 -0.18568015 -0.12171578],[ 4.87085561  3.88411452  3.03822649],[ 0.1  0.2  0.2]
132,....,[-0.16305325 -0.19318897 -0.12916782],[ 4.72161255  3.78224372  2.2830669 ],[ 0.1  0.2  0.3]
133,....,[-0.16689526 -0.19764253 -0.133894  ],[ 4.6298048   3.70596036  1.83438473],[ 0.1  0.2  0.4]
134,....,[-0.16935912 -0.20061415 -0.1372994 ],[ 4.56589373  3.64471983  1.53578684],[ 0.1  0.2  0.5]
135,....,[-0.17105957 -0.20274619 -0.13995423],[ 4.51773473  3.59338166  1.32224904],[ 0.1  0.2  0.6]
136,....,[-0.17229533 -0.20435193 -0.14213591],[ 4.4793888   3.54905552  1.16171788],[ 0.1  0.2  0.7]
137,....,[-0.17322879 -0.20560338 -0.14399658],[ 4.44759796  3.50995581  1.03650952],[ 0.1  0.2  0.8]
138,....,[-0.17395558 -0.20660335 -0.14562723],[ 4.42042137  3.4749028   0.93604828],[ 0.1  0.2  0.9]
139,....,[-0.17453556 -0.20741739 -0.14708587],[ 4.3966284   3.44307656  0.85361246],[ 0.1  0.2  1. ]
140,....,[-0.11004672 -0.13200771 -0.07607217],[ 5.52343246  3.6507448   7.74410233],[ 0.1  0.3  0. ]
141,....,[-0.14671589 -0.17434666 -0.1163851 ],[ 4.7677914   3.44825076  3.92444751],[ 0.1  0.3  0.1]
142,....,[-0.15832002 -0.18702725 -0.12862415],[ 4.52863048  3.34807956  2.70300978],[ 0.1  0.3  0.2]
143,....,[-0.16412211 -0.19330773 -0.13499066],[ 4.40466184  3.28025506  2.07774696],[ 0.1  0.3  0.3]
144,....,[-0.16759957 -0.19708899 -0.13909496],[ 4.32652395  3.22858916  1.69343589],[ 0.1  0.3  0.4]
145,....,[-0.16990828 -0.19962283 -0.14207534],[ 4.27150691  3.1866361   1.43193416],[ 0.1  0.3  0.5]
146,....,[-0.17154688 -0.20143957 -0.14440917],[ 4.22986074  3.15116792  1.24193427],[ 0.1  0.3  0.6]
147,....,[-0.17276632 -0.20280375 -0.14633318],[ 4.19667721  3.12033683  1.09737626],[ 0.1  0.3  0.7]
148,....,[-0.17370671 -0.20386265 -0.14797869],[ 4.16920731  3.09298661  0.98356049],[ 0.1  0.3  0.8]
149,....,[-0.17445244 -0.20470503 -0.14942471],[ 4.14578786  3.06834599  0.89154295],[ 0.1  0.3  0.9]
150,....,[-0.17505728 -0.20538772 -0.15072181],[ 4.12535186  3.04587493  0.81555954],[ 0.1  0.3  1. ]
151,....,[-0.1238015  -0.14655207 -0.09268276],[ 5.02409847  3.21624851  6.16542941],[ 0.1  0.4  0. ]
152,....,[-0.15050253 -0.17780076 -0.1228573 ],[ 4.4800226   3.08061639  3.43553456],[ 0.1  0.4  0.1]
153,....,[-0.16007908 -0.18834636 -0.13324065],[ 4.28444556  3.0086748   2.44578531],[ 0.1  0.4  0.2]
154,....,[-0.16513183 -0.19376859 -0.1388547 ],[ 4.17839664  2.95874242  1.91448664],[ 0.1  0.4  0.3]
155,....,[-0.1682656  -0.19708852 -0.1425407 ],[ 4.1099812   2.92016881  1.57885126],[ 0.1  0.4  0.4]
156,....,[-0.17039884 -0.19933042 -0.14524461],[ 4.06117017  2.88855065  1.34623419],[ 0.1  0.4  0.5]
157,....,[-0.17194317 -0.20094236 -0.14737523],[ 4.02394087  2.86163317  1.17494869],[ 0.1  0.4  0.6]
158,....,[-0.17311156 -0.20215267 -0.14913922],[ 3.99415351  2.83810597  1.04329048],[ 0.1  0.4  0.7]
159,....,[-0.17402548 -0.20309037 -0.1506527 ],[ 3.9694466   2.81713997  0.93878699],[ 0.1  0.4  0.8]
160,....,[-0.17475931 -0.20383405 -0.15198619],[ 3.94837116  2.79817741  0.85373752],[ 0.1  0.4  0.9]
161,....,[-0.17536119 -0.20443442 -0.15318509],[ 3.92998714  2.78082514  0.78311998],[ 0.1  0.4  1. ]
162,....,[-0.13297426 -0.15630227 -0.10402074],[ 4.6731331   2.92168499  5.12963722],[ 0.1  0.5  0. ]
163,....,[-0.15351689 -0.18057045 -0.12773881],[ 4.25888371  2.82343222  3.06347817],[ 0.1  0.5  0.1]
164,....,[-0.16160102 -0.18954639 -0.13673711],[ 4.09476602  2.76839409  2.23955007],[ 0.1  0.5  0.2]
165,....,[-0.16604884 -0.19431456 -0.141775  ],[ 4.00231593  2.72938868  1.77972969],[ 0.1  0.5  0.3]
166,....,[-0.16888312 -0.19728179 -0.14514256],[ 3.9414038   2.69888926  1.48247656],[ 0.1  0.5  0.4]
167,....,[-0.17085114 -0.19930293 -0.14763932],[ 3.89737978  2.67368263  1.27319893],[ 0.1  0.5  0.5]
168,....,[-0.17229826 -0.20076251 -0.14962033],[ 3.86352249  2.65209164  1.11730751],[ 0.1  0.5  0.6]
169,....,[-0.17340727 -0.20186024 -0.15126828],[ 3.8362883   2.63312861  0.9964064 ],[ 0.1  0.5  0.7]
170,....,[-0.17428432 -0.20271055 -0.15268715],[ 3.81362298  2.61616247  0.89975264],[ 0.1  0.5  0.8]
171,....,[-0.17499532 -0.20338388 -0.15394068],[ 3.79424999  2.60076546  0.82062831],[ 0.1  0.5  0.9]
172,....,[-0.13956427 -0.16332708 -0.1123791 ],[ 4.40793868  2.70509049  4.39558152],[ 0.1  0.6  0. ]
173,....,[-0.15597463 -0.18284357 -0.13166271],[ 4.08015046  2.63011655  2.76894482],[ 0.1  0.6  0.1]
174,....,[-0.16292097 -0.1906124  -0.1395803 ],[ 3.93978274  2.58620034  2.06923096],[ 0.1  0.6  0.2]
175,....,[-0.16687574 -0.19485893 -0.14415404],[ 3.85807092  2.55450822  1.66569365],[ 0.1  0.6  0.3]
176,....,[-0.1694528  -0.19754164 -0.14726356],[ 3.80320448  2.52945977  1.39958795],[ 0.1  0.6  0.4]
177,....,[-0.17127194 -0.19938491 -0.14959327],[ 3.7630642   2.50860454  1.20964972],[ 0.1  0.6  0.5]
178,....,[-0.17262705 -0.20072268 -0.15145466],[ 3.73193902  2.49064153  1.06671342],[ 0.1  0.6  0.6]
179,....,[-0.17367669 -0.20173137 -0.15301071],[ 3.70676025  2.47479553  0.95497487],[ 0.1  0.6  0.7]
180,....,[-0.17451431 -0.20251335 -0.1543553 ],[ 3.68572318  2.46056685  0.86507212],[ 0.1  0.6  0.8]
181,....,[-0.14454643 -0.16863881 -0.11887396],[ 4.19752306  2.53697283  3.84725365],[ 0.1  0.7  0. ]
182,....,[-0.15802124 -0.18474126 -0.1349483 ],[ 3.93067682  2.47759265  2.52900626],[ 0.1  0.7  0.1]
183,....,[-0.16407502 -0.19155245 -0.14199717],[ 3.80882854  2.44147653  1.92549194],[ 0.1  0.7  0.2]
184,....,[-0.16762239 -0.19537075 -0.1461853 ],[ 3.73583016  2.41499192  1.56742073],[ 0.1  0.7  0.3]
185,....,[-0.16997832 -0.19781657 -0.14907803],[ 3.68596994  2.39385577  1.32713678],[ 0.1  0.7  0.4]
186,....,[-0.17166498 -0.19951118 -0.15126713],[ 3.64907729  2.37613894  1.15352536],[ 0.1  0.7  0.5]
187,....,[-0.17293545 -0.20074737 -0.15302815],[ 3.62024376  2.36080133  1.02167666],[ 0.1  0.7  0.6]
188,....,[-0.17392857 -0.20168225 -0.15450745],[ 3.59678662  2.34721653  0.91786451],[ 0.1  0.7  0.7]
189,....,[-0.14845593 -0.17279689 -0.12411832],[ 4.02459892  2.4013506   3.42164256],[ 0.1  0.8  0. ]
190,....,[-0.15975596 -0.18634692 -0.13777856],[ 3.80254722  2.35298226  2.32921724],[ 0.1  0.8  0.1]
191,....,[-0.16509312 -0.19238049 -0.14411366],[ 3.69550181  2.32259546  1.80213952],[ 0.1  0.8  0.2]
192,....,[-0.16829931 -0.19583998 -0.14797464],[ 3.62971898  2.29998887  1.48153422],[ 0.1  0.8  0.3]
193,....,[-0.17046408 -0.19808435 -0.15068091],[ 3.58408545  2.2817877   1.26301711],[ 0.1  0.8  0.4]
194,....,[-0.17203306 -0.19965174 -0.15274846],[ 3.54996443  2.26643616  1.10339186],[ 0.1  0.8  0.5]
195,....,[-0.17322647 -0.20080094 -0.15442262],[ 3.52309694  2.25308352  0.98115786],[ 0.1  0.8  0.6]
196,....,[-0.15161226 -0.17613786 -0.12847873],[ 3.87867752  2.28874182  3.08146956],[ 0.1  0.9  0. ]
197,....,[-0.16124829 -0.18772035 -0.140268  ],[ 3.69063617  2.24846778  2.15994723],[ 0.1  0.9  0.1]
198,....,[-0.16599902 -0.19311083 -0.14600654],[ 3.59565847  2.22243974  1.69485638],[ 0.1  0.9  0.2]
199,....,[-0.16891595 -0.19626496 -0.14958565],[ 3.53594713  2.20282099  1.40562288],[ 0.1  0.9  0.3]
200,....,[-0.17091434 -0.19833536 -0.1521289 ],[ 3.49393528  2.18689669  1.20570382],[ 0.1  0.9  0.4]
201,....,[-0.1723786  -0.19979208 -0.15408941],[ 3.46221525  2.17338814  1.0582022 ],[ 0.1  0.9  0.5]
202,....,[-0.15421847 -0.17887733 -0.13218873],[ 3.75298265  2.19312956  2.80322744],[ 0.1  1.   0. ]
203,....,[-0.16254827 -0.18890574 -0.14249298],[ 3.591441    2.158996    2.01449132],[ 0.1  1.   0.1]
204,....,[-0.16681143 -0.19375645 -0.14772597],[ 3.50646149  2.136377    1.60051726],[ 0.1  1.   0.2]
205,....,[-0.16948043 -0.19664745 -0.15105931],[ 3.45192601  2.11912257  1.33790244],[ 0.1  1.   0.3]
206,....,[-0.17133297 -0.19856583 -0.15345826],[ 3.41305427  2.10501169  1.15405291],[ 0.1  1.   0.4]
207,....,[ 0.11209723  0.15007828  0.17350187],[ 10.54545345  10.85434673  38.30821703],[ 0.2  0.   0. ]
208,....,[-0.14561238 -0.12191148 -0.0574918 ],[ 4.93250466  6.70719078  7.38862462],[ 0.2  0.   0.1]
209,....,[-0.16552189 -0.15875282 -0.09010218],[ 4.30661551  5.7489461   4.18450663],[ 0.2  0.   0.2]
210,....,[-0.17142768 -0.17598112 -0.10557011],[ 4.03363988  5.22942868  2.93019071],[ 0.2  0.   0.3]
211,....,[-0.17378412 -0.18637975 -0.11507406],[ 3.87051943  4.88247013  2.25834682],[ 0.2  0.   0.4]
212,....,[-0.17485179 -0.19343499 -0.12168716],[ 3.75738723  4.62606444  1.83892902],[ 0.2  0.   0.5]
213,....,[-0.17536122 -0.19855517 -0.12664777],[ 3.6718588   4.42478346  1.55186794],[ 0.2  0.   0.6]
214,....,[-0.17560344 -0.20243643 -0.13056328],[ 3.60349962  4.26029149  1.34290418],[ 0.2  0.   0.7]
215,....,[-0.17571039 -0.20546886 -0.13377044],[ 3.54671758  4.12194463  1.18390521],[ 0.2  0.   0.8]
216,....,[-0.17574731 -0.20789067 -0.13647246],[ 3.49821076  4.00304935  1.05881859],[ 0.2  0.   0.9]
217,....,[-0.17574843 -0.2098568  -0.13879987],[ 3.45588517  3.89913974  0.95781186],[ 0.2  0.   1. ]
218,....,[-0.05348032 -0.05965631 -0.02046321],[  5.71750436   4.4679816   15.11348618],[ 0.2  0.1  0. ]
219,....,[-0.14049931 -0.15428073 -0.1058184 ],[ 3.87404954  3.77919643  5.48955908],[ 0.2  0.1  0.1]
220,....,[-0.15826684 -0.17439595 -0.12395636],[ 3.48662001  3.51129632  3.44011586],[ 0.2  0.1  0.2]
221,....,[-0.16574153 -0.1837561  -0.13264568],[ 3.30881795  3.34499076  2.51953131],[ 0.2  0.1  0.3]
222,....,[-0.16974137 -0.18934768 -0.13802682],[ 3.20335684  3.22493169  1.99274987],[ 0.2  0.1  0.4]
223,....,[-0.17217115 -0.19313761 -0.14182363],[ 3.13173555  3.13123346  1.65052506],[ 0.2  0.1  0.5]
224,....,[-0.1737695  -0.19590715 -0.14472142],[ 3.07881367  3.05451981  1.40990165],[ 0.2  0.1  0.6]
225,....,[-0.17488074 -0.19803317 -0.14705131],[ 3.03739261  2.98963853  1.23128239],[ 0.2  0.1  0.7]
226,....,[-0.1756858  -0.19972212 -0.14899496],[ 3.00359722  2.93346096  1.09333048],[ 0.2  0.1  0.8]
227,....,[-0.17628817 -0.20109777 -0.15066136],[ 2.97514865  2.88394776  0.98351526],[ 0.2  0.1  0.9]
228,....,[-0.1767509  -0.20223946 -0.15212045],[ 2.95061473  2.83969729  0.893987  ],[ 0.2  0.1  1. ]
229,....,[-0.09560793 -0.10650143 -0.06919076],[ 4.47837118  3.23282341  9.88032266],[ 0.2  0.2  0. ]
230,....,[-0.14551011 -0.16262102 -0.1211383 ],[ 3.42972021  2.91625976  4.49631405],[ 0.2  0.2  0.1]
231,....,[-0.15935912 -0.17777106 -0.13506745],[ 3.14162902  2.77264513  2.98888055],[ 0.2  0.2  0.2]
232,....,[-0.16588167 -0.18510802 -0.14198059],[ 3.00051646  2.679117    2.25409026],[ 0.2  0.2  0.3]
233,....,[-0.16963749 -0.18951859 -0.14629237],[ 2.91478408  2.60976177  1.81493063],[ 0.2  0.2  0.4]
234,....,[-0.1720541  -0.19249794 -0.14933583],[ 2.8561298   2.55463722  1.52161847],[ 0.2  0.2  0.5]
235,....,[-0.17372391 -0.19466263 -0.15165745],[ 2.81281818  2.50887694  1.31134898],[ 0.2  0.2  0.6]
236,....,[-0.17493687 -0.19631514 -0.1535246 ],[ 2.77908009  2.46973958  1.1529952 ],[ 0.2  0.2  0.7]
237,....,[-0.1758514  -0.19762213 -0.1550844 ],[ 2.75173962  2.43553029  1.02931916],[ 0.2  0.2  0.8]
238,....,[-0.17656121 -0.19868342 -0.15642499],[ 2.72890022  2.40512916  0.9299826 ],[ 0.2  0.2  0.9]
239,....,[-0.17712517 -0.19956277 -0.15760261],[ 2.70935732  2.37775806  0.84840021],[ 0.2  0.2  1. ]
240,....,[-0.11624114 -0.12883141 -0.09332266],[ 3.85465398  2.66211762  7.40832205],[ 0.2  0.3  0. ]
241,....,[-0.14992461 -0.16754683 -0.12973948],[ 3.15377919  2.47348485  3.84438102],[ 0.2  0.3  0.1]
242,....,[-0.16105444 -0.179762   -0.14117502],[ 2.92602054  2.37957088  2.66457829],[ 0.2  0.3  0.2]
243,....,[-0.16668545 -0.18593206 -0.14708086],[ 2.8082907   2.31644172  2.05449812],[ 0.2  0.3  0.3]
244,....,[-0.17007769 -0.1897011  -0.15082209],[ 2.73489335  2.26879345  1.67757787],[ 0.2  0.3  0.4]
245,....,[-0.17233469 -0.19226111 -0.15348075],[ 2.68400318  2.23047309  1.42028312],[ 0.2  0.3  0.5]
246,....,[-0.1739372  -0.19412219 -0.1555153 ],[ 2.64617643  2.19838507  1.2329286 ],[ 0.2  0.3  0.6]
247,....,[-0.1751287  -0.19554042 -0.15715448],[ 2.61663525  2.17075285  1.09015361],[ 0.2  0.3  0.7]
248,....,[-0.17604578 -0.19665894 -0.15852572],[ 2.59269436  2.14646319  0.97760293],[ 0.2  0.3  0.8]
249,....,[-0.17677096 -0.19756431 -0.15970584],[ 2.57272505  2.12477281  0.88651931],[ 0.2  0.3  0.9]
250,....,[-0.17735702 -0.19831206 -0.16074411],[ 2.55568041  2.10516109  0.8112474 ],[ 0.2  0.3  1. ]
251,....,[-0.12872211 -0.14223031 -0.10812162],[ 3.46642654  2.32297473  5.94653844],[ 0.2  0.4  0. ]
252,....,[-0.15346291 -0.17109587 -0.13559659],[ 2.95703385  2.19560397  3.37346073],[ 0.2  0.4  0.1]
253,....,[-0.16266495 -0.18129194 -0.14529392],[ 2.7703752   2.12781014  2.41442366],[ 0.2  0.4  0.2]
254,....,[-0.16757042 -0.18663777 -0.15049106],[ 2.66951709  2.08110909  1.8950202 ],[ 0.2  0.4  0.3]
255,....,[-0.17062584 -0.18996067 -0.15384107],[ 2.60513901  2.04536732  1.5653718 ],[ 0.2  0.4  0.4]
256,....,[-0.17270898 -0.19223706 -0.1562441 ],[ 2.55987703  2.01635505  1.33623729],[ 0.2  0.4  0.5]
257,....,[-0.17421698 -0.19389836 -0.15809313],[ 2.52594796  1.99189605  1.16717518],[ 0.2  0.4  0.6]
258,....,[-0.17535654 -0.19516577 -0.15958803],[ 2.49931662  1.97072203  1.03703233],[ 0.2  0.4  0.7]
259,....,[-0.17624607 -0.19616487 -0.1608416 ],[ 2.47767359  1.95202912  0.93361306],[ 0.2  0.4  0.8]
260,....,[-0.17695833 -0.1969724  -0.16192249],[ 2.45959835  1.93527591  0.8493691 ],[ 0.2  0.4  0.9]
261,....,[-0.13716293 -0.15126921 -0.11828703],[ 3.1962622   2.09398358  4.97482189],[ 0.2  0.5  0. ]
262,....,[-0.15631666 -0.1738583  -0.13999617],[ 2.80600775  2.00132051  3.01348075],[ 0.2  0.5  0.1]
263,....,[-0.16409598 -0.18256336 -0.14839106],[ 2.64919713  1.94936762  2.21319596],[ 0.2  0.5  0.2]
264,....,[-0.16841599 -0.18727791 -0.15304299],[ 2.561247    1.91284668  1.76300214],[ 0.2  0.5  0.3]
265,....,[-0.17117899 -0.19025757 -0.15609343],[ 2.50391705  1.88456719  1.47073355],[ 0.2  0.5  0.4]
266,....,[-0.17309975 -0.1923179  -0.15830379],[ 2.4630744   1.86143084  1.26441053],[ 0.2  0.5  0.5]
267,....,[-0.17451167 -0.19382935 -0.16001556],[ 2.43219023  1.84181266  1.11043116],[ 0.2  0.5  0.6]
268,....,[-0.17559223 -0.19498553 -0.16140552],[ 2.40780704  1.82475294  0.99084656],[ 0.2  0.5  0.7]
269,....,[-0.17644492 -0.19589785 -0.16257474],[ 2.38791415  1.80963731  0.89514223],[ 0.2  0.5  0.8]
270,....,[-0.14328537 -0.15781906 -0.1257876 ],[ 2.99467693  1.92680738  4.27994784],[ 0.2  0.6  0. ]
271,....,[-0.15866037 -0.17609778 -0.14350192],[ 2.68453292  1.85594536  2.72757395],[ 0.2  0.6  0.1]
272,....,[-0.16535267 -0.18365273 -0.15087859],[ 2.55034559  1.81449441  2.04662365],[ 0.2  0.6  0.2]
273,....,[-0.16919519 -0.18786226 -0.15509075],[ 2.4726349   1.78484496  1.65106011],[ 0.2  0.6  0.3]
274,....,[-0.17170728 -0.19056397 -0.15789821],[ 2.421022    1.76165065  1.38918642],[ 0.2  0.6  0.4]
275,....,[-0.17348212 -0.19244938 -0.15995315],[ 2.38379941  1.74254251  1.20179885],[ 0.2  0.6  0.5]
276,....,[-0.17480353 -0.19384033 -0.1615553 ],[ 2.35541407  1.72625681  1.06053335],[ 0.2  0.6  0.6]
277,....,[-0.17582551 -0.19490794 -0.16286244],[ 2.33286946  1.71203832  0.94995592],[ 0.2  0.6  0.7]
278,....,[-0.14794599 -0.16280039 -0.1316034 ],[ 2.83687201  1.79813512  3.75742974],[ 0.2  0.7  0. ]
279,....,[-0.16062025 -0.17796076 -0.14640751],[ 2.58359965  1.74196395  2.4940729 ],[ 0.2  0.7  0.1]
280,....,[-0.16645827 -0.18460111 -0.15296488],[ 2.46710327  1.70791369  1.9057961 ],[ 0.2  0.7  0.2]
281,....,[-0.16990597 -0.1883951  -0.15681172],[ 2.39772513  1.68318287  1.55444748],[ 0.2  0.7  0.3]
282,....,[-0.17220239 -0.19086474 -0.15941523],[ 2.3508652   1.66365917  1.31781063],[ 0.2  0.7  0.4]
283,....,[-0.17384749 -0.19260342 -0.16133963],[ 2.31668704  1.64747407  1.14643037],[ 0.2  0.7  0.5]
284,....,[-0.15162184 -0.16672331 -0.13628072],[ 2.70893034  1.69524547  3.34976666],[ 0.2  0.8  0. ]
285,....,[-0.16228544 -0.17953911 -0.1488843 ],[ 2.49769418  1.6494933   2.2992471 ],[ 0.2  0.8  0.1]
286,....,[-0.16743658 -0.18543527 -0.15476816],[ 2.39536858  1.62089609  1.78477008],[ 0.2  0.8  0.2]
287,....,[-0.1705534  -0.18888043 -0.15830533],[ 2.33290383  1.5998403   1.46991259],[ 0.2  0.8  0.3]
288,....,[-0.17266333 -0.19115226 -0.16073374],[ 2.29006688  1.58307999  1.25457595],[ 0.2  0.8  0.4]
289,....,[-0.17419325 -0.19276501 -0.16254561],[ 2.25849627  1.56910607  1.0969229 ],[ 0.2  0.8  0.5]
290,....,[-0.15460091 -0.16989521 -0.14014966],[ 2.60238709  1.6105644   3.0226015 ],[ 0.2  0.9  0. ]
291,....,[-0.16371974 -0.18089496 -0.15104055],[ 2.42320978  1.57249534  2.13390215],[ 0.2  0.9  0.1]
292,....,[-0.1683081  -0.18617456 -0.15636141],[ 2.33245571  1.54805532  1.67938648],[ 0.2  0.9  0.2]
293,....,[-0.17114421 -0.18932236 -0.15963208],[ 2.27581593  1.52983683  1.39512399],[ 0.2  0.9  0.3]
294,....,[-0.1730918  -0.19142304 -0.16190774],[ 2.23643176  1.51522484  1.1980055 ],[ 0.2  0.9  0.4]
295,....,[-0.15706784 -0.17251325 -0.14342212],[ 2.51177276  1.53927983  2.75409977],[ 0.2  1.   0. ]
296,....,[-0.16496973 -0.18207255 -0.15294885],[ 2.35766609  1.5070534   1.99161443],[ 0.2  1.   0.1]
297,....,[-0.1690897  -0.18683377 -0.15779265],[ 2.27651164  1.48586913  1.58662549],[ 0.2  1.   0.2]
298,....,[-0.17168509 -0.18972496 -0.16083125],[ 2.2248422   1.46989856  1.32835124],[ 0.2  1.   0.3]
299,....,[ 0.06007584  0.08999575  0.09395952],[  8.17093868   8.07363109  31.24812491],[ 0.3  0.   0. ]
300,....,[-0.14531125 -0.12091438 -0.08511372],[ 3.77764721  5.14307318  7.06336548],[ 0.3  0.   0.1]
301,....,[-0.16608592 -0.15249965 -0.11294747],[ 3.21510847  4.40286202  4.06514738],[ 0.3  0.   0.2]
302,....,[-0.17295373 -0.16728544 -0.12613981],[ 2.97384033  3.99963546  2.86500582],[ 0.3  0.   0.3]
303,....,[-0.17599338 -0.17627309 -0.13424048],[ 2.83307312  3.73043096  2.21589695],[ 0.3  0.   0.4]
304,....,[-0.1775387  -0.18243905 -0.1398681 ],[ 2.73767168  3.53176123  1.80841656],[ 0.3  0.   0.5]
305,....,[-0.17838699 -0.18697553 -0.14407675],[ 2.66702972  3.37605208  1.52851572],[ 0.3  0.   0.6]
306,....,[-0.17887294 -0.19046848 -0.14738434],[ 2.6115927   3.24900268  1.32424347],[ 0.3  0.   0.7]
307,....,[-0.1791566  -0.19324503 -0.15007899],[ 2.56627821  3.14230571  1.16851796],[ 0.3  0.   0.8]
308,....,[-0.17932171 -0.19550456 -0.15233528],[ 2.52811054  3.05073704  1.04582524],[ 0.3  0.   0.9]
309,....,[-0.17941505 -0.19737663 -0.15426584],[ 2.49521908  2.97081238  0.94663407],[ 0.3  0.   1. ]
310,....,[-0.06574378 -0.06538749 -0.0455229 ],[  4.70014536   3.7098888   13.95964715],[ 0.3  0.1  0. ]
311,....,[-0.14340685 -0.14921285 -0.12076088],[ 3.05234621  3.09651516  5.33213861],[ 0.3  0.1  0.1]
312,....,[-0.16043777 -0.16825231 -0.13774923],[ 2.68492387  2.85312843  3.3741839 ],[ 0.3  0.1  0.2]
313,....,[-0.167757   -0.17722365 -0.1459084 ],[ 2.51546489  2.70249351  2.48200203],[ 0.3  0.1  0.3]
314,....,[-0.17172471 -0.18261443 -0.15093003],[ 2.4154037   2.59429858  1.96794356],[ 0.3  0.1  0.4]
315,....,[-0.17415773 -0.18628541 -0.15444209],[ 2.34801665  2.51030451  1.63260574],[ 0.3  0.1  0.5]
316,....,[-0.17576969 -0.1889813  -0.15709676],[ 2.29873267  2.44188483  1.39617403],[ 0.3  0.1  0.6]
317,....,[-0.17689641 -0.19106248 -0.15921024],[ 2.26058883  2.38429511  1.22031894],[ 0.3  0.1  0.7]
318,....,[-0.1777157  -0.19272652 -0.16095617],[ 2.2298257   2.33465484  1.08429947],[ 0.3  0.1  0.8]
319,....,[-0.17832998 -0.19409184 -0.1624388 ],[ 2.20422887  2.29108783  0.97589664],[ 0.3  0.1  0.9]
320,....,[-0.17880201 -0.19523427 -0.16372495],[ 2.18240562  2.25230591  0.88743743],[ 0.3  0.1  1. ]
321,....,[-0.10234937 -0.10711695 -0.08709518],[ 3.6714175  2.6978435  9.360511 ],[ 0.3  0.2  0. ]
322,....,[-0.14799173 -0.15814376 -0.13405119],[ 2.70646653  2.40500577  4.39204859],[ 0.3  0.2  0.1]
323,....,[-0.16127483 -0.17263679 -0.14722021],[ 2.43060963  2.27013345  2.94133246],[ 0.3  0.2  0.2]
324,....,[-0.16762227 -0.17976056 -0.15378467],[ 2.29463983  2.18241112  2.22604785],[ 0.3  0.2  0.3]
325,....,[-0.17130568 -0.18407889 -0.1578599 ],[ 2.21211625  2.11759309  1.79607946],[ 0.3  0.2  0.4]
326,....,[-0.17368737 -0.18701452 -0.16071249],[ 2.15590526  2.06628776  1.50789092],[ 0.3  0.2  0.5]
327,....,[-0.17533846 -0.1891598  -0.1628668 ],[ 2.11466169  2.02387851  1.30079722],[ 0.3  0.2  0.6]
328,....,[-0.17654041 -0.19080701 -0.16458084],[ 2.08277904  1.98775901  1.14456206],[ 0.3  0.2  0.7]
329,....,[-0.17744778 -0.19211774 -0.16599713],[ 2.05715995  1.95631618  1.02237797],[ 0.3  0.2  0.8]
330,....,[-0.17815238 -0.19318902 -0.1672012 ],[ 2.03595011  1.92848358  0.92413667],[ 0.3  0.2  0.9]
331,....,[-0.17871204 -0.19408289 -0.16824774],[ 2.01796967  1.90352022  0.84338528],[ 0.3  0.2  1. ]
332,....,[-0.12090552 -0.12767526 -0.1085327 ],[ 3.13895159  2.21467053  7.10486593],[ 0.3  0.3  0. ]
333,....,[-0.15208601 -0.16333463 -0.14185201],[ 2.48456185  2.03732087  3.76768456],[ 0.3  0.3  0.1]
334,....,[-0.16278552 -0.17507237 -0.15269422],[ 2.26546226  1.94793567  2.62731368],[ 0.3  0.3  0.2]
335,....,[-0.16826427 -0.18108944 -0.15831466],[ 2.15156095  1.88788751  2.03184553],[ 0.3  0.3  0.3]
336,....,[-0.17158512 -0.1847985  -0.16185844],[ 2.0805717   1.8426932   1.66209237],[ 0.3  0.3  0.4]
337,....,[-0.17380265 -0.18733589 -0.16435556],[ 2.03150893  1.80647416  1.40889509],[ 0.3  0.3  0.5]
338,....,[-0.17538062 -0.18919262 -0.16624676],[ 1.99522243  1.77625911  1.22412422],[ 0.3  0.3  0.6]
339,....,[-0.17655538 -0.19061666 -0.16775332],[ 1.96706003  1.75033837  1.08309381],[ 0.3  0.3  0.7]
340,....,[-0.1774601  -0.19174723 -0.16899897],[ 1.94439809  1.72763885  0.97178248],[ 0.3  0.3  0.8]
341,....,[-0.17817551 -0.19266872 -0.17005859],[ 1.92564121  1.70744342  0.88161447],[ 0.3  0.3  0.9]
342,....,[-0.13233637 -0.14017398 -0.12192062],[ 2.80437297  1.92405392  5.74544792],[ 0.3  0.4  0. ]
343,....,[-0.15541341 -0.16698469 -0.14724839],[ 2.32440229  1.80321325  3.31373234],[ 0.3  0.4  0.1]
344,....,[-0.16427702 -0.17681119 -0.15645364],[ 2.14431759  1.7382447   2.38390791],[ 0.3  0.4  0.2]
345,....,[-0.16905258 -0.1820377  -0.16140041],[ 2.04653267  1.69351056  1.87598704],[ 0.3  0.4  0.3]
346,....,[-0.17204295 -0.18531675 -0.16457271],[ 1.98413127  1.65936137  1.55215955],[ 0.3  0.4  0.4]
347,....,[-0.17408791 -0.1875802  -0.1668283 ],[ 1.94038244  1.63173184  1.32642541],[ 0.3  0.4  0.5]
348,....,[-0.17557083 -0.18924369 -0.1685453 ],[ 1.90773311  1.60852044  1.15954028],[ 0.3  0.4  0.6]
349,....,[-0.17669242 -0.19052165 -0.16991724],[ 1.88224923  1.58849897  1.03088403],[ 0.3  0.4  0.7]
350,....,[-0.17756815 -0.19153629 -0.17105378],[ 1.86167186  1.57088755  0.92852987],[ 0.3  0.4  0.8]
351,....,[-0.14015787 -0.14866819 -0.13120142],[ 2.5709799   1.72693255  4.83097288],[ 0.3  0.5  0. ]
352,....,[-0.15812174 -0.16977995 -0.1513195 ],[ 2.20091183  1.63851493  2.96521748],[ 0.3  0.5  0.1]
353,....,[-0.16562685 -0.17818901 -0.15929268],[ 2.04931551  1.58853109  2.18749311],[ 0.3  0.5  0.2]
354,....,[-0.16983516 -0.18280708 -0.16371813],[ 1.9639363   1.55341368  1.74661154],[ 0.3  0.5  0.3]
355,....,[-0.17253966 -0.18575322 -0.16660365],[ 1.90830366  1.52628861  1.45919771],[ 0.3  0.5  0.4]
356,....,[-0.17442474 -0.1878064  -0.16867537],[ 1.86877762  1.50416706  1.2557642 ],[ 0.3  0.5  0.5]
357,....,[-0.17581241 -0.18932373 -0.17026203],[ 1.83901465  1.48547404  1.10365988],[ 0.3  0.5  0.6]
358,....,[-0.1768751  -0.19049297 -0.17153491],[ 1.8156406   1.46927665  0.98536882],[ 0.3  0.5  0.7]
359,....,[-0.14587815 -0.15485597 -0.13807977],[ 2.39700975  1.58288091  4.17159563],[ 0.3  0.6  0. ]
360,....,[-0.16035975 -0.17202435 -0.15456051],[ 2.10150789  1.51500212  2.68753815],[ 0.3  0.6  0.1]
361,....,[-0.16682457 -0.17933694 -0.16156788],[ 1.97158631  1.47502765  2.02453731],[ 0.3  0.6  0.2]
362,....,[-0.17056995 -0.18346691 -0.16557164],[ 1.89608509  1.44645596  1.63669965],[ 0.3  0.6  0.3]
363,....,[-0.17302935 -0.18614257 -0.16822371],[ 1.84596964  1.42416161  1.37895315],[ 0.3  0.6  0.4]
364,....,[-0.1747711  -0.18802481 -0.17014642],[ 1.8099256   1.40585356  1.19406292],[ 0.3  0.6  0.5]
365,....,[-0.15025966 -0.15958271 -0.14342178],[ 2.26121627  1.47210939  3.67270829],[ 0.3  0.7  0. ]
366,....,[-0.16223922 -0.17388167 -0.15723719],[ 2.01901093  1.41815545  2.46019787],[ 0.3  0.7  0.1]
367,....,[-0.16788502 -0.18032044 -0.16346596],[ 1.90608715  1.385271    1.88652824],[ 0.3  0.7  0.2]
368,....,[-0.17124728 -0.18404806 -0.16711892],[ 1.83864507  1.36141129  1.54170179],[ 0.3  0.7  0.3]
369,....,[-0.17349599 -0.18649741 -0.1695747 ],[ 1.79313066  1.34262549  1.30862534],[ 0.3  0.7  0.4]
370,....,[-0.17511042 -0.18823591 -0.17137203],[ 1.76002689  1.32710318  1.13943156],[ 0.3  0.7  0.5]
371,....,[-0.15373205 -0.16332015 -0.14771719],[ 2.15155692  1.38371171  3.28161513],[ 0.3  0.8  0. ]
372,....,[-0.16384095 -0.17545151 -0.15950771],[ 1.94895741  1.33967922  2.27013488],[ 0.3  0.8  0.1]
373,....,[-0.16882721 -0.18117804 -0.16509557],[ 1.84968018  1.31203837  1.76775928],[ 0.3  0.8  0.2]
374,....,[-0.17186812 -0.18456742 -0.16845091],[ 1.78893742  1.29171344  1.45848441],[ 0.3  0.8  0.3]
375,....,[-0.17393462 -0.18682358 -0.17073807],[ 1.74732573  1.27558056  1.24625529],[ 0.3  0.8  0.4]
376,....,[-0.15655703 -0.1663538  -0.15126505],[ 2.06065695  1.3111506   2.96654044],[ 0.3  0.9  0. ]
377,....,[-0.16522359 -0.17679948 -0.1614734 ],[ 1.88839538  1.27446094  2.10856501],[ 0.3  0.9  0.1]
378,....,[-0.16966879 -0.18193505 -0.16652493],[ 1.80028249  1.25082875  1.6642218 ],[ 0.3  0.9  0.2]
379,....,[-0.15890363 -0.16886734 -0.15425892],[ 1.98372866  1.25025317  2.7071432 ],[ 0.3  1.   0. ]
380,....,[-0.16643045 -0.17797133 -0.16320283],[ 1.83527888  1.21916376  1.96933026],[ 0.3  1.   0.1]
381,....,[-0.17042485 -0.18260939 -0.16779949],[ 1.75644242  1.19867774  1.57299672],[ 0.3  1.   0.2]
382,....,[ 0.02453601  0.04995829  0.04178859],[  6.7411834    6.46434921  26.55250907],[ 0.4  0.   0. ]
383,....,[-0.14531058 -0.12193537 -0.10418465],[ 3.14259581  4.23250296  6.7767412 ],[ 0.4  0.   0.1]
384,....,[-0.16603245 -0.15006882 -0.12888007],[ 2.62343044  3.62495293  3.95895372],[ 0.4  0.   0.2]
385,....,[-0.17336184 -0.16323336 -0.14058627],[ 2.40102119  3.29145569  2.80727476],[ 0.4  0.   0.3]
386,....,[-0.17680081 -0.17124528 -0.14777094],[ 2.27266811  3.06839961  2.17855911],[ 0.4  0.   0.4]
387,....,[-0.17865461 -0.17676232 -0.15276017],[ 2.18678445  2.90374936  1.78176054],[ 0.4  0.   0.5]
388,....,[-0.17973879 -0.1808436  -0.1564884 ],[ 2.12398687  2.77474664  1.50823943],[ 0.4  0.   0.6]
389,....,[-0.18040644 -0.18400711 -0.15941429],[ 2.07528435  2.6695463   1.30812673],[ 0.4  0.   0.7]
390,....,[-0.18083142 -0.18654095 -0.16179309],[ 2.03590377  2.5812541   1.1552889 ],[ 0.4  0.   0.8]
391,....,[-0.18110736 -0.18862025 -0.16377971],[ 2.00305968  2.50552985  1.0346976 ],[ 0.4  0.   0.9]
392,....,[-0.18128814 -0.19035858 -0.16547424],[ 1.97500818  2.43947716  0.93709272],[ 0.4  0.   1. ]
393,....,[-0.07556319 -0.07128515 -0.06521063],[  4.07198582   3.22632673  12.98017574],[ 0.4  0.1  0. ]
394,....,[-0.14554459 -0.14635077 -0.13234986],[ 2.58600386  2.67492051  5.18422907],[ 0.4  0.1  0.1]
395,....,[-0.16188066 -0.16440561 -0.1483629 ],[ 2.23597267  2.45134884  3.31138673],[ 0.4  0.1  0.2]
396,....,[-0.16904221 -0.17300863 -0.15609988],[ 2.07319082  2.31295661  2.44614645],[ 0.4  0.1  0.3]
397,....,[-0.1729726  -0.17820053 -0.16085223],[ 1.97708085  2.21378882  1.94425128],[ 0.4  0.1  0.4]
398,....,[-0.17540526 -0.18174544 -0.16416088],[ 1.9125804   2.13702501  1.61552097],[ 0.4  0.1  0.5]
399,....,[-0.17702926 -0.18435506 -0.16664813],[ 1.8656526   2.07467892  1.38311672],[ 0.4  0.1  0.6]
400,....,[-0.17817164 -0.18637504 -0.16861676],[ 1.82955441  2.02235096  1.2099182 ],[ 0.4  0.1  0.7]
401,....,[-0.1790068  -0.18799517 -0.17023341],[ 1.80063322  1.97736843  1.07575504],[ 0.4  0.1  0.8]
402,....,[-0.17963574 -0.18932921 -0.17159812],[ 1.7767331   1.93799055  0.96870765],[ 0.4  0.1  0.9]
403,....,[-0.18012073 -0.19045001 -0.17277505],[ 1.75649648  1.90302256  0.88127308],[ 0.4  0.1  1. ]
404,....,[-0.10785585 -0.10855817 -0.10126626],[ 3.18952724  2.36662831  8.89801241],[ 0.4  0.2  0. ]
405,....,[-0.14989156 -0.15530418 -0.14410278],[ 2.29698163  2.09435889  4.29272614],[ 0.4  0.2  0.1]
406,....,[-0.16265011 -0.16917588 -0.15662066],[ 2.03202124  1.96694206  2.89544964],[ 0.4  0.2  0.2]
407,....,[-0.16883257 -0.17608321 -0.16290718],[ 1.90033523  1.88399876  2.19886062],[ 0.4  0.2  0.3]
408,....,[-0.17244833 -0.18029819 -0.1668082 ],[ 1.82026179  1.82280628  1.77777114],[ 0.4  0.2  0.4]
409,....,[-0.17479853 -0.18317625 -0.16952878],[ 1.76577276  1.77447876  1.49455367],[ 0.4  0.2  0.5]
410,....,[-0.17643406 -0.185287   -0.17157253],[ 1.7258958  1.7346287  1.2905492],[ 0.4  0.2  0.6]
411,....,[-0.17762817 -0.18691305 -0.17318868],[ 1.6951805   1.70077322  1.13637811],[ 0.4  0.2  0.7]
412,....,[-0.17853165 -0.18821124 -0.17451538],[ 1.67060505  1.67137362  1.01564888],[ 0.4  0.2  0.8]
413,....,[-0.1792344  -0.18927594 -0.17563575],[ 1.65035572  1.64541191  0.91847609],[ 0.4  0.2  0.9]
414,....,[-0.12471413 -0.1275389  -0.12051596],[ 2.71996435  1.94339808  6.82855341],[ 0.4  0.3  0. ]
415,....,[-0.15374504 -0.16058321 -0.15124885],[ 2.10660623  1.77598779  3.69413128],[ 0.4  0.3  0.1]
416,....,[-0.16404615 -0.171864   -0.16158778],[ 1.89523305  1.69049696  2.59115254],[ 0.4  0.3  0.2]
417,....,[-0.16938257 -0.17772118 -0.16698508],[ 1.78452508  1.63299376  2.00975595],[ 0.4  0.3  0.3]
418,....,[-0.17263753 -0.18135784 -0.17038744],[ 1.71537396  1.58975816  1.64695612],[ 0.4  0.3  0.4]
419,....,[-0.17481975 -0.18385852 -0.17277655],[ 1.66759193  1.55516927  1.39775137],[ 0.4  0.3  0.5]
420,....,[-0.17637686 -0.18569618 -0.17457646],[ 1.63231042  1.52637282  1.21550498],[ 0.4  0.3  0.6]
421,....,[-0.17753836 -0.18711107 -0.17600134],[ 1.60499859  1.50172202  1.07618239],[ 0.4  0.3  0.7]
422,....,[-0.17843409 -0.18823861 -0.17717146],[ 1.58309247  1.48018155  0.96608585],[ 0.4  0.3  0.8]
423,....,[-0.13526344 -0.13924755 -0.13274449],[ 2.42131348  1.6854067   5.55967972],[ 0.4  0.4  0. ]
424,....,[-0.15689773 -0.16427614 -0.15626863],[ 1.96759392  1.57033265  3.25620617],[ 0.4  0.4  0.1]
425,....,[-0.16544812 -0.17374542 -0.16506169],[ 1.79334869  1.50777222  2.35419934],[ 0.4  0.4  0.2]
426,....,[-0.17010267 -0.17884426 -0.16981647],[ 1.6981049   1.46463769  1.85736854],[ 0.4  0.4  0.3]
427,....,[-0.17303333 -0.18206679 -0.17286432],[ 1.63719524  1.43173351  1.53920243],[ 0.4  0.4  0.4]
428,....,[-0.17504428 -0.18430337 -0.17502364],[ 1.59449172  1.40515041  1.31678936],[ 0.4  0.4  0.5]
429,....,[-0.17650581 -0.18595468 -0.17665853],[ 1.56266254  1.38285805  1.15203634],[ 0.4  0.4  0.6]
430,....,[-0.17761289 -0.18722869 -0.17795646],[ 1.53787146  1.36366645  1.02483885],[ 0.4  0.4  0.7]
431,....,[-0.14255546 -0.14727003 -0.14130369],[ 2.21176058  1.50923068  4.69673188],[ 0.4  0.5  0. ]
432,....,[-0.15947956 -0.16708541 -0.1600813 ],[ 1.85980606  1.42454462  2.91858957],[ 0.4  0.5  0.1]
433,....,[-0.16673102 -0.17520547 -0.16770574],[ 1.71280742  1.37621071  2.16241476],[ 0.4  0.5  0.2]
434,....,[-0.17083562 -0.17971784 -0.1719605 ],[ 1.62952803  1.34220747  1.73054566],[ 0.4  0.5  0.3]
435,....,[-0.17348667 -0.18261772 -0.17473255],[ 1.57515754  1.31595891  1.44786157],[ 0.4  0.5  0.4]
436,....,[-0.17534011 -0.18464997 -0.17671519],[ 1.53652631  1.29458064  1.24725454],[ 0.4  0.5  0.5]
437,....,[-0.17670715 -0.18615908 -0.1782252 ],[ 1.50746929  1.2765456   1.09698933],[ 0.4  0.5  0.6]
438,....,[-0.14792734 -0.15314601 -0.14768329],[ 2.05515134  1.38004147  4.06970956],[ 0.4  0.6  0. ]
439,....,[-0.16162313 -0.16932943 -0.16312376],[ 1.77281967  1.31476055  2.64876546],[ 0.4  0.6  0.1]
440,....,[-0.16787771 -0.17640287 -0.16982957],[ 1.64662548  1.27599709  2.00295204],[ 0.4  0.6  0.2]
441,....,[-0.17153316 -0.18044348 -0.17367866],[ 1.57290401  1.24825734  1.62260343],[ 0.4  0.6  0.3]
442,....,[-0.17394466 -0.18308035 -0.17622529],[ 1.52388463  1.2266246   1.36888296],[ 0.4  0.6  0.4]
443,....,[-0.17565724 -0.18494582 -0.17806405],[ 1.48862864  1.20888241  1.18643833],[ 0.4  0.6  0.5]
444,....,[-0.15206471 -0.15765312 -0.15265403],[ 1.93281953  1.28054281  3.59256673],[ 0.4  0.7  0. ]
445,....,[-0.16342981 -0.17118001 -0.16563625],[ 1.70056866  1.22849548  2.42732678],[ 0.4  0.7  0.1]
446,....,[-0.16889811 -0.17741761 -0.1716    ],[ 1.59073493  1.19654489  1.86767292],[ 0.4  0.7  0.2]
447,....,[-0.17218153 -0.18106865 -0.17511101],[ 1.52482979  1.17333818  1.52917687],[ 0.4  0.7  0.3]
448,....,[-0.17438709 -0.18348501 -0.17746771],[ 1.48028465  1.15507745  1.29957708],[ 0.4  0.7  0.4]
449,....,[-0.1553579  -0.16122919 -0.15665744],[ 1.83407583  1.20110794  3.21683601],[ 0.4  0.8  0. ]
450,....,[-0.16497379 -0.17274094 -0.1677642 ],[ 1.63923013  1.15853204  2.24183832],[ 0.4  0.8  0.1]
451,....,[-0.16980796 -0.17829612 -0.17311615],[ 1.54256058  1.13163857  1.75109475],[ 0.4  0.8  0.2]
452,....,[-0.15804658 -0.16414078 -0.15996576],[ 1.75232494  1.1359252   2.91303987],[ 0.4  0.9  0. ]
453,....,[-0.16630947 -0.17407995 -0.16960194],[ 1.58625088  1.1003842   2.08390226],[ 0.4  0.9  0.1]
454,....,[-0.17062278 -0.1790681  -0.17444129],[ 1.50037106  1.07736772  1.64935218],[ 0.4  0.9  0.2]
455,....,[-0.1602865  -0.16656011 -0.16275654],[ 1.68326098  1.08126505  2.6621795 ],[ 0.4  1.   0. ]
456,....,[-0.16747734 -0.17524382 -0.17121393],[ 1.53984833  1.05110517  1.94761175],[ 0.4  1.   0.1]
457,....,[-0.00163918  0.02097939  0.00442951],[  5.76665951   5.40448456  23.15611007],[ 0.5  0.   0. ]
458,....,[-0.14562058 -0.12348012 -0.11829315],[ 2.73350947  3.62551223  6.51897379],[ 0.5  0.   0.1]
459,....,[-0.16590375 -0.14909036 -0.14069553],[ 2.24845604  3.10905532  3.86200544],[ 0.5  0.   0.2]
460,....,[-0.17343668 -0.16108642 -0.15133135],[ 2.03946493  2.82306105  2.75454769],[ 0.5  0.   0.3]
461,....,[-0.17711291 -0.16838515 -0.15785596],[ 1.91939028  2.63123184  2.14456166],[ 0.5  0.   0.4]
462,....,[-0.17916955 -0.17341668 -0.16238528],[ 1.83962443  2.48948424  1.75758462],[ 0.5  0.   0.5]
463,....,[-0.18041856 -0.17714752 -0.16576866],[ 1.7817624   2.37839057  1.48992287],[ 0.5  0.   0.6]
464,....,[-0.18121915 -0.18004881 -0.16842244],[ 1.73724201  2.28779661  1.29362219],[ 0.5  0.   0.7]
465,....,[-0.18175173 -0.18238177 -0.17057817],[ 1.70151538  2.21177721  1.14342376],[ 0.5  0.   0.8]
466,....,[-0.18211531 -0.18430476 -0.17237632],[ 1.6719307   2.14659624  1.02474773],[ 0.5  0.   0.9]
467,....,[-0.18236793 -0.18592029 -0.17390774],[ 1.64683046  2.08975776  0.92858445],[ 0.5  0.   1. ]
468,....,[-0.08371729 -0.07693927 -0.08103378],[  3.62830756   2.87879058  12.1358592 ],[ 0.5  0.1  0. ]
469,....,[-0.1472517  -0.14473216 -0.14150516],[ 2.27874512  2.37943658  5.04485582],[ 0.5  0.1  0.1]
470,....,[-0.16293126 -0.16188955 -0.15666169],[ 1.94438455  2.17252084  3.25137953],[ 0.5  0.1  0.2]
471,....,[-0.16993309 -0.17015198 -0.16404018],[ 1.78738847  2.04420051  2.41174401],[ 0.5  0.1  0.3]
472,....,[-0.17382016 -0.17515752 -0.16857281],[ 1.69451593  1.95232987  1.92150239],[ 0.5  0.1  0.4]
473,....,[-0.1762471  -0.17858174 -0.17172103],[ 1.63226254  1.88132858  1.59912815],[ 0.5  0.1  0.5]
474,....,[-0.17787907 -0.18110608 -0.17407977],[ 1.58709568  1.82376691  1.37060587],[ 0.5  0.1  0.6]
475,....,[-0.17903432 -0.18306286 -0.17593973],[ 1.55247969  1.77554304  1.19997014],[ 0.5  0.1  0.7]
476,....,[-0.1798836  -0.1846349  -0.17746117],[ 1.52486205  1.73416254  1.06759799],[ 0.5  0.1  0.8]
477,....,[-0.18052635 -0.18593186 -0.17874043],[ 1.50214115  1.69799998  0.96185793],[ 0.5  0.1  0.9]
478,....,[-0.11251693 -0.11037607 -0.11270147],[ 2.85680661  2.13253423  8.48287027],[ 0.5  0.2  0. ]
479,....,[-0.15144142 -0.15345723 -0.15205048],[ 2.02776384  1.8784208   4.19797399],[ 0.5  0.2  0.1]
480,....,[-0.16371058 -0.16674765 -0.16398835],[ 1.77282664  1.75759678  2.85112064],[ 0.5  0.2  0.2]
481,....,[-0.16973554 -0.17344446 -0.17003517],[ 1.64498513  1.67879485  2.17246563],[ 0.5  0.2  0.3]
482,....,[-0.17328609 -0.17755482 -0.17379313],[ 1.56701326  1.62068706  1.75995957],[ 0.5  0.2  0.4]
483,....,[-0.17560602 -0.18037148 -0.17641015],[ 1.51392975  1.57485385  1.48156888],[ 0.5  0.2  0.5]
484,....,[-0.17722689 -0.18244258 -0.17837035],[ 1.47511879  1.53711897  1.28057203],[ 0.5  0.2  0.6]
485,....,[-0.17841404 -0.18404162 -0.17991463],[ 1.44528009  1.50511308  1.12841392],[ 0.5  0.2  0.7]
486,....,[-0.17931458 -0.18532091 -0.18117704],[ 1.42146459  1.47736566  1.00910504],[ 0.5  0.2  0.8]
487,....,[-0.12795006 -0.12794098 -0.13013105],[ 2.43552853  1.75467654  6.57540716],[ 0.5  0.3  0. ]
488,....,[-0.15510398 -0.15871432 -0.1586494 ],[ 1.85886482  1.5962113   3.62351719],[ 0.5  0.3  0.1]
489,....,[-0.16503352 -0.16956405 -0.16854096],[ 1.65464055  1.51422395  2.55603807],[ 0.5  0.3  0.2]
490,....,[-0.17023503 -0.17526305 -0.17374712],[ 1.54682054  1.45896322  1.98820054],[ 0.5  0.3  0.3]
491,....,[-0.17342743 -0.17882391 -0.17703482],[ 1.47926226  1.41741984  1.63214959],[ 0.5  0.3  0.4]
492,....,[-0.17557644 -0.18128279 -0.17934079],[ 1.43253648  1.38421523  1.38683661],[ 0.5  0.3  0.5]
493,....,[-0.17711434 -0.18309556 -0.18107331],[ 1.39804506  1.35660553  1.20705787],[ 0.5  0.3  0.6]
494,....,[-0.17826403 -0.18449514 -0.1824398 ],[ 1.37137429  1.33300328  1.06940783],[ 0.5  0.3  0.7]
495,....,[-0.13774453 -0.13893724 -0.14137915],[ 2.16420828  1.52127754  5.38726585],[ 0.5  0.4  0. ]
496,....,[-0.15810907 -0.16240275 -0.16334904],[ 1.7342434   1.4114381   3.20075201],[ 0.5  0.4  0.1]
497,....,[-0.16636719 -0.17153314 -0.17177763],[ 1.5654082   1.35105291  2.32526232],[ 0.5  0.4  0.2]
498,....,[-0.17090729 -0.17650433 -0.17636965],[ 1.47246201  1.30933057  1.83914784],[ 0.5  0.4  0.3]
499,....,[-0.1737815  -0.17966631 -0.17931804],[ 1.41284418  1.27750168  1.52648979],[ 0.5  0.4  0.4]
500,....,[-0.17576063 -0.18187065 -0.1814045 ],[ 1.3710014   1.25180512  1.30732119],[ 0.5  0.4  0.5]
501,....,[-0.17720254 -0.18350392 -0.18297991],[ 1.33981478  1.2302784   1.14465681],[ 0.5  0.4  0.6]
502,....,[-0.14457688 -0.14653588 -0.14932654],[ 1.97250296  1.36072264  4.57099297],[ 0.5  0.5  0. ]
503,....,[-0.16058019 -0.16520469 -0.1669441 ],[ 1.637067    1.27943481  2.87350667],[ 0.5  0.5  0.1]
504,....,[-0.16759487 -0.17304916 -0.17426207],[ 1.49432442  1.23258751  2.13793596],[ 0.5  0.5  0.2]
505,....,[-0.17160149 -0.17745484 -0.17837367],[ 1.41293716  1.19956236  1.71479316],[ 0.5  0.5  0.3]
506,....,[-0.17420216 -0.18030413 -0.18105618],[ 1.35965437  1.17406453  1.43671834],[ 0.5  0.5  0.4]
507,....,[-0.17602611 -0.18231003 -0.18297236],[ 1.32175552  1.15330931  1.2388767 ],[ 0.5  0.5  0.5]
508,....,[-0.14964313 -0.15213259 -0.15528559],[ 1.82865636  1.24247789  3.97361272],[ 0.5  0.6  0. ]
509,....,[-0.16263932 -0.16743824 -0.16982322],[ 1.55839814  1.17956253  2.6111898 ],[ 0.5  0.6  0.1]
510,....,[-0.16869758 -0.17428241 -0.17626572],[ 1.43564723  1.1418833   1.98184918],[ 0.5  0.6  0.2]
511,....,[-0.1722682  -0.17823196 -0.17998641],[ 1.3635215   1.11486664  1.60876314],[ 0.5  0.6  0.3]
512,....,[-0.17463465 -0.18082552 -0.1824508 ],[ 1.31544032  1.09379336  1.35897104],[ 0.5  0.6  0.4]
513,....,[-0.15356458 -0.15644303 -0.15994659],[ 1.71604145  1.15117331  3.51656437],[ 0.5  0.7  0. ]
514,....,[-0.16438003 -0.16927696 -0.17220435],[ 1.49294781  1.10085786  2.3954095 ],[ 0.5  0.7  0.1]
515,....,[-0.16968257 -0.17532064 -0.17793823],[ 1.38596016  1.06973603  1.84921556],[ 0.5  0.7  0.2]
516,....,[-0.15669829 -0.15987415 -0.1637097 ],[ 1.62504114  1.07817272  3.15512859],[ 0.5  0.8  0. ]
517,....,[-0.16587127 -0.17082596 -0.17422136],[ 1.43734352  1.03691433  2.21431838],[ 0.5  0.8  0.1]
518,....,[-0.17056341 -0.17621501 -0.17937008],[ 1.34306707  1.01067726  1.73476476],[ 0.5  0.8  0.2]
519,....,[-0.15926504 -0.16267539 -0.1668239 ],[ 1.54967721  1.01822576  2.86188683],[ 0.5  0.9  0. ]
520,....,[-0.1671639  -0.1721538  -0.17596204],[ 1.38931337  0.98371785  2.05988285],[ 0.5  0.9  0.1]
521,....,[-0.1614092  -0.16500871 -0.16945274],[ 1.48602398  0.96794493  2.61905325],[ 0.5  1.   0. ]
522,....,[-0.02185671 -0.00112766 -0.02384657],[  5.05245525   4.64993558  20.56649719],[ 0.6  0.   0. ]
523,....,[-0.14614205 -0.12513839 -0.12924718],[ 2.44394472  3.1870835   6.28430393],[ 0.6  0.   0.1]
524,....,[-0.16581678 -0.14877269 -0.14985834],[ 1.98757092  2.73780801  3.77220898],[ 0.6  0.   0.2]
525,....,[-0.17340903 -0.15987416 -0.15967371],[ 1.78913576  2.4867125   2.70555985],[ 0.6  0.   0.3]
526,....,[-0.17722432 -0.16662581 -0.16569354],[ 1.67521965  2.31771936  2.11300056],[ 0.6  0.   0.4]
527,....,[-0.17941607 -0.17128069 -0.16987091],[ 1.59984224  2.19265759  1.73518876],[ 0.6  0.   0.5]
528,....,[-0.18078194 -0.17473548 -0.17299049],[ 1.54544032  2.09457263  1.47299807],[ 0.6  0.   0.6]
529,....,[-0.18168076 -0.17742647 -0.17543661],[ 1.503809    2.01456276  1.28025466],[ 0.6  0.   0.7]
530,....,[-0.18229542 -0.17959501 -0.17742278],[ 1.47058206  1.94741883  1.13251619],[ 0.6  0.   0.8]
531,....,[-0.18272772 -0.1813871  -0.17907849],[ 1.44321225  1.88984988  1.01562237],[ 0.6  0.   0.9]
532,....,[-0.0906526  -0.08220701 -0.09406271],[  3.29049511   2.61161475  11.39912597],[ 0.6  0.1  0. ]
533,....,[-0.14869003 -0.14385695 -0.14893572],[ 2.05756968  2.15664767  4.91320945],[ 0.6  0.1  0.1]
534,....,[-0.16374945 -0.16019441 -0.1633263 ],[ 1.73755862  1.9640607   3.19389676],[ 0.6  0.1  0.2]
535,....,[-0.170591   -0.16814307 -0.17039005],[ 1.58576316  1.84427987  2.37863455],[ 0.6  0.1  0.3]
536,....,[-0.17442979 -0.1729764  -0.17473503],[ 1.49569588  1.75851802  1.89957705],[ 0.6  0.1  0.4]
537,....,[-0.17684603 -0.17628827 -0.1777496 ],[ 1.43531692  1.69229071  1.58332905],[ 0.6  0.1  0.5]
538,....,[-0.17848183 -0.17873221 -0.18000351],[ 1.39157144  1.63865847  1.35855718],[ 0.6  0.1  0.6]
539,....,[-0.17964666 -0.1806283  -0.18177634],[ 1.35812058  1.59378055  1.19040043],[ 0.6  0.1  0.7]
540,....,[-0.18050755 -0.18215302 -0.1832226 ],[ 1.33150657  1.55531806  1.05976165],[ 0.6  0.1  0.8]
541,....,[-0.1165543  -0.11234687 -0.12215764],[ 2.60714281  1.95408384  8.10753138],[ 0.6  0.2  0. ]
542,....,[-0.15275821 -0.15224635 -0.15850265],[ 1.83432187  1.71616373  4.10746189],[ 0.6  0.2  0.1]
543,....,[-0.16456906 -0.16499424 -0.16991436],[ 1.58871996  1.601272    2.80824909],[ 0.6  0.2  0.2]
544,....,[-0.1704429  -0.17148921 -0.17574667],[ 1.46443091  1.52614831  2.14681075],[ 0.6  0.2  0.3]
545,....,[-0.17392993 -0.1754971  -0.17938049],[ 1.3883521   1.47074551  1.74260787],[ 0.6  0.2  0.4]
546,....,[-0.17622002 -0.17825214 -0.18191055],[ 1.33649458  1.42707529  1.46890693],[ 0.6  0.2  0.5]
547,....,[-0.17782635 -0.18028224 -0.1838026 ],[ 1.29858384  1.39115698  1.27084039],[ 0.6  0.2  0.6]
548,....,[-0.17900661 -0.18185222 -0.18528968],[ 1.26946399  1.36072622  1.12064703],[ 0.6  0.2  0.7]
549,....,[-0.13076771 -0.12863967 -0.13804541],[ 2.22497699  1.61247346  6.34228541],[ 0.6  0.3  0. ]
550,....,[-0.15626209 -0.15741672 -0.16463566],[ 1.68139008  1.46214134  3.55565773],[ 0.6  0.3  0.1]
551,....,[-0.1658436  -0.16786133 -0.17412101],[ 1.48386726  1.3833651   2.52191881],[ 0.6  0.3  0.2]
552,....,[-0.17091645 -0.17340674 -0.17915626],[ 1.37873798  1.33013468  1.96715385],[ 0.6  0.3  0.3]
553,....,[-0.17404877 -0.17689165 -0.18234488],[ 1.31263149  1.29010372  1.61765596],[ 0.6  0.3  0.4]
554,....,[-0.17616588 -0.179307   -0.18458163],[ 1.26684028  1.2581219   1.37613792],[ 0.6  0.3  0.5]
555,....,[-0.13990533 -0.13898754 -0.14844885],[ 1.97580986  1.39877153  5.22660846],[ 0.6  0.4  0. ]
556,....,[-0.15913959 -0.16106782 -0.16905719],[ 1.56750273  1.29373967  3.14725097],[ 0.6  0.4  0.1]
557,....,[-0.16712372 -0.16987841 -0.17715546],[ 1.40375398  1.23536381  2.29706387],[ 0.6  0.4  0.2]
558,....,[-0.17155482 -0.1747248  -0.18160272],[ 1.31295348  1.19492963  1.8213095 ],[ 0.6  0.4  0.3]
559,....,[-0.17437504 -0.17782532 -0.18446585],[ 1.25451655  1.16406826  1.51401203],[ 0.6  0.4  0.4]
560,....,[-0.17632381 -0.17999528 -0.18649232],[ 1.213438    1.13915936  1.29801387],[ 0.6  0.4  0.5]
561,....,[-0.14633317 -0.14619948 -0.15586582],[ 1.79847402  1.25067693  4.45283953],[ 0.6  0.5  0. ]
562,....,[-0.16151259 -0.16384553 -0.17246284],[ 1.47821808  1.17252747  2.82988584],[ 0.6  0.5  0.1]
563,....,[-0.16830515 -0.17142903 -0.17950386],[ 1.33948214  1.12705672  2.11403332],[ 0.6  0.5  0.2]
564,....,[-0.17221853 -0.17572983 -0.18348892],[ 1.25986165  1.09492488  1.69934344],[ 0.6  0.5  0.3]
565,....,[-0.1747711  -0.17852726 -0.18609536],[ 1.20757247  1.07010257  1.4257617 ],[ 0.6  0.5  0.4]
566,....,[-0.15112821 -0.15154149 -0.16146031],[ 1.66479988  1.14110168  3.88273486],[ 0.6  0.6  0. ]
567,....,[-0.16349565 -0.16605958 -0.17520111],[ 1.40570112  1.08037723  2.57475029],[ 0.6  0.6  0.1]
568,....,[-0.16936963 -0.17268591 -0.18140648],[ 1.28619264  1.04370125  1.96121113],[ 0.6  0.6  0.2]
569,....,[-0.15485675 -0.15567256 -0.16585394],[ 1.55984131  1.05623555  3.44432496],[ 0.6  0.7  0. ]
570,....,[-0.16517626 -0.16788135 -0.17747073],[ 1.34524833  1.00752577  2.36439973],[ 0.6  0.7  0.1]
571,....,[-0.15784718 -0.15897128 -0.1694111 ],[ 1.47487024  0.98824825  3.09623319],[ 0.6  0.8  0. ]
572,....,[-0.16030391 -0.16167141 -0.17236045],[ 1.40442152  0.93234702  2.81289564],[ 0.6  0.9  0. ]
573,....,[-0.03800493 -0.01862454 -0.04608936],[  4.50326227   4.08377717  18.51810143],[ 0.7  0.   0. ]
574,....,[-0.14679603 -0.12677595 -0.13805791],[ 2.22573794  2.85307121  6.06885555],[ 0.7  0.   0.1]
575,....,[-0.16579197 -0.14878933 -0.15720521],[ 1.79436536  2.45574477  3.68826474],[ 0.7  0.   0.2]
576,....,[-0.17335856 -0.15917452 -0.16636332],[ 1.60475504  2.23160347  2.6595539 ],[ 0.7  0.   0.3]
577,....,[-0.17725034 -0.16549006 -0.17198081],[ 1.49575839  2.08019323  2.08334267],[ 0.7  0.   0.4]
578,....,[-0.179532   -0.1698433  -0.17587773],[ 1.42376985  1.96794275  1.71416274],[ 0.7  0.   0.5]
579,....,[-0.18098154 -0.17307508 -0.17878703],[ 1.37197878  1.87982234  1.45713298],[ 0.7  0.   0.6]
580,....,[-0.18195373 -0.17559432 -0.18106769],[ 1.33249355  1.80790403  1.26774638],[ 0.7  0.   0.7]
581,....,[-0.18263159 -0.17762691 -0.18291901],[ 1.30110356  1.74753439  1.12232844],[ 0.7  0.   0.8]
582,....,[-0.09665353 -0.0870566  -0.10500974],[  3.02080996   2.39716062  10.74979236],[ 0.7  0.1  0. ]
583,....,[-0.14994625 -0.14344743 -0.15511188],[ 1.88873015  1.98048469  4.78860109],[ 0.7  0.1  0.1]
584,....,[-0.16441999 -0.15903294 -0.16880956],[ 1.58197896  1.80042248  3.13872391],[ 0.7  0.1  0.2]
585,....,[-0.17110216 -0.16669195 -0.17559137],[ 1.43495404  1.68803112  2.34669502],[ 0.7  0.1  0.3]
586,....,[-0.17488893 -0.17136642 -0.17977154],[ 1.34739753  1.60750497  1.87838608],[ 0.7  0.1  0.4]
587,....,[-0.17729035 -0.17457451 -0.18267093],[ 1.2886488   1.54533643  1.56805197],[ 0.7  0.1  0.5]
588,....,[-0.17892629 -0.1769438  -0.18483596],[ 1.24610685  1.49502233  1.34690981],[ 0.7  0.1  0.6]
589,....,[-0.18009763 -0.17878305 -0.18653596],[ 1.21362038  1.45295356  1.18115586],[ 0.7  0.1  0.7]
590,....,[-0.12010897 -0.11435477 -0.13014253],[ 2.40955258  1.81129059  7.76610194],[ 0.7  0.2  0. ]
591,....,[-0.15390888 -0.15146152 -0.16386651],[ 1.68687721  1.58792017  4.02089461],[ 0.7  0.2  0.1]
592,....,[-0.16528934 -0.16370283 -0.17479589],[ 1.45002589  1.47842343  2.76675004],[ 0.7  0.2  0.2]
593,....,[-0.17101783 -0.17000534 -0.18043233],[ 1.32906688  1.40661554  2.12185162],[ 0.7  0.2  0.3]
594,....,[-0.17444273 -0.17391421 -0.18395499],[ 1.25473633  1.35362816  1.72568559],[ 0.7  0.2  0.4]
595,....,[-0.17670319 -0.17660892 -0.18640902],[ 1.20398667  1.31187303  1.4565439 ],[ 0.7  0.2  0.5]
596,....,[-0.13326313 -0.12950339 -0.14470586],[ 2.06009361  1.49963118  6.1266518 ],[ 0.7  0.3  0. ]
597,....,[-0.15727581 -0.1565081  -0.16959651],[ 1.54650073  1.35674243  3.49038511],[ 0.7  0.3  0.1]
598,....,[-0.16653031 -0.16657217 -0.17870862],[ 1.35529946  1.28093894  2.48874767],[ 0.7  0.3  0.2]
599,....,[-0.17148004 -0.17196959 -0.18358752],[ 1.25271179  1.22957368  1.946593  ],[ 0.7  0.3  0.3]
600,....,[-0.17455435 -0.1753798  -0.18668736],[ 1.18796075  1.19091942  1.6034605 ],[ 0.7  0.3  0.4]
601,....,[-0.17664054 -0.17775137 -0.18886374],[ 1.14302599  1.16004109  1.36564419],[ 0.7  0.3  0.5]
602,....,[-0.14182185 -0.13925848 -0.15437164],[ 1.82955483  1.30230297  5.07638737],[ 0.7  0.4  0. ]
603,....,[-0.16004073 -0.16010019 -0.17377277],[ 1.44109835  1.20171629  3.09559411],[ 0.7  0.4  0.1]
604,....,[-0.16776718 -0.16860934 -0.18156765],[ 1.28216439  1.1452172   2.26957325],[ 0.7  0.4  0.2]
605,....,[-0.1720941  -0.17333485 -0.18588278],[ 1.19339694  1.10597734  1.80383926],[ 0.7  0.4  0.3]
606,....,[-0.17486237 -0.17637438 -0.18866985],[ 1.13606695  1.07600472  1.50176043],[ 0.7  0.4  0.4]
607,....,[-0.14788974 -0.14611481 -0.16132184],[ 1.66428476  1.16456234  4.34150081],[ 0.7  0.5  0. ]
608,....,[-0.1623257  -0.1628414  -0.17701036],[ 1.35804894  1.08933291  2.78765071],[ 0.7  0.5  0.1]
609,....,[-0.16890915 -0.17017823 -0.18379731],[ 1.22311353  1.04515345  2.0906849 ],[ 0.7  0.5  0.2]
610,....,[-0.15244169 -0.15122214 -0.1665947 ],[ 1.53910971  1.06216665  3.79658969],[ 0.7  0.6  0. ]
611,....,[-0.16423963 -0.16502888 -0.17962396],[ 1.29037722  1.00348875  2.53939066],[ 0.7  0.6  0.1]
612,....,[-0.15599635 -0.15518781 -0.17075268],[ 1.4405041   0.98260643  3.37552386],[ 0.7  0.7  0. ]
613,....,[-0.15885702 -0.15836432 -0.17412895],[ 1.36049676  0.91872748  3.03992357],[ 0.7  0.8  0. ]
614,....,[-0.05123175 -0.03285718 -0.06409363],[  4.06617131   3.64251145  16.85289458],[ 0.8  0.   0. ]
615,....,[-0.14752908 -0.12834651 -0.14533778],[ 2.05382152  2.58874179  5.86980458],[ 0.8  0.   0.1]
616,....,[-0.1658252  -0.14898635 -0.16324998],[ 1.64471909  2.23296509  3.60928413],[ 0.8  0.   0.2]
617,....,[-0.17331436 -0.15877813 -0.17186387],[ 1.4627776   2.03039688  2.61603009],[ 0.8  0.   0.3]
618,....,[-0.17724124 -0.16473525 -0.17715056],[ 1.35790599  1.89303112  2.05524211],[ 0.8  0.   0.4]
619,....,[-0.17958161 -0.16884044 -0.18081724],[ 1.28867485  1.79099208  1.69424266],[ 0.8  0.   0.5]
620,....,[-0.18109118 -0.17188795 -0.1835539 ],[ 1.23896131  1.71079924  1.44211481],[ 0.8  0.   0.6]
621,....,[-0.18211861 -0.1742643  -0.1856987 ],[ 1.20115679  1.64530812  1.25591966],[ 0.8  0.   0.7]
622,....,[-0.10191442 -0.09150112 -0.11435991],[  2.79841781   2.219781    10.17263194],[ 0.8  0.1  0. ]
623,....,[-0.15107084 -0.14333981 -0.16034777],[ 1.75434312  1.83645051  4.67043481],[ 0.8  0.1  0.1]
624,....,[-0.16499145 -0.15823294 -0.17341352],[ 1.45991776  1.667467    3.0856819 ],[ 0.8  0.1  0.2]
625,....,[-0.17151625 -0.1656236  -0.17993928],[ 1.31732423  1.56156649  2.31582694],[ 0.8  0.1  0.3]
626,....,[-0.17524835 -0.17015117 -0.18397196],[ 1.23206169  1.48560551  1.85786017],[ 0.8  0.1  0.4]
627,....,[-0.17763165 -0.17326342 -0.18676981],[ 1.17477022  1.42695327  1.55324218],[ 0.8  0.1  0.5]
628,....,[-0.17926465 -0.17556369 -0.18885751],[ 1.13328086  1.37949812  1.33561794],[ 0.8  0.1  0.6]
629,....,[-0.12327731 -0.11633832 -0.13700096],[ 2.24734095  1.69313397  7.45388204],[ 0.8  0.2  0. ]
630,....,[-0.15493507 -0.15097177 -0.16841485],[ 1.56966842  1.48291268  3.93800652],[ 0.8  0.2  0.1]
631,....,[-0.16591045 -0.16273949 -0.17889902],[ 1.34105241  1.37835896  2.72654747],[ 0.8  0.2  0.2]
632,....,[-0.171499   -0.16885883 -0.18435436],[ 1.22324077  1.30957075  2.09754965],[ 0.8  0.2  0.3]
633,....,[-0.17486305 -0.17267255 -0.18777556],[ 1.15054821  1.25876712  1.70916691],[ 0.8  0.2  0.4]
634,....,[-0.17709399 -0.17530886 -0.19016137],[ 1.10082094  1.21873175  1.44445993],[ 0.8  0.2  0.5]
635,....,[-0.13550113 -0.1304561  -0.15041378],[ 1.92581495  1.4068036   5.92642304],[ 0.8  0.3  0. ]
636,....,[-0.15818038 -0.15587437 -0.17379166],[ 1.43955393  1.27075998  3.42754615],[ 0.8  0.3  0.1]
637,....,[-0.16712684 -0.16558072 -0.18255827],[ 1.25433791  1.19772619  2.45648127],[ 0.8  0.3  0.2]
638,....,[-0.17195852 -0.17083603 -0.18729216],[ 1.15416886  1.1480901   1.92649723],[ 0.8  0.3  0.3]
639,....,[-0.17497664 -0.17417343 -0.19031072],[ 1.09070003  1.11070343  1.5895501 ],[ 0.8  0.3  0.4]
640,....,[-0.14354443 -0.13966769 -0.15942855],[ 1.71131495  1.22343125  4.93549608],[ 0.8  0.4  0. ]
641,....,[-0.1608443  -0.15939358 -0.17774917],[ 1.34112968  1.12697381  3.04568124],[ 0.8  0.4  0.1]
642,....,[-0.16832773 -0.16761849 -0.18526303],[ 1.18677084  1.07223909  2.24276179],[ 0.8  0.4  0.2]
643,....,[-0.14928905 -0.14619541 -0.16596342],[ 1.55645062  1.09453183  4.23632084],[ 0.8  0.5  0. ]
644,....,[-0.16304937 -0.16208973 -0.1808357 ],[ 1.2632135   1.02203241  2.74673074],[ 0.8  0.5  0.1]
645,....,[-0.16943545 -0.16919345 -0.18738739],[ 1.13189804  0.97907303  2.06787002],[ 0.8  0.5  0.2]
646,....,[-0.15362131 -0.15108514 -0.17094901],[ 1.43859225  0.99825977  3.71475819],[ 0.8  0.6  0. ]
647,....,[-0.15701803 -0.1548972  -0.17489635],[ 1.34543505  0.9232127   3.30987847],[ 0.8  0.7  0. ]
648,....,[-0.06228167 -0.04468361 -0.07899342],[  3.70914585   3.28850969  15.47010581],[ 0.9  0.   0. ]
649,....,[-0.148306   -0.12983572 -0.15148099],[ 1.91381433  2.37350269  5.68498452],[ 0.9  0.   0.1]
650,....,[-0.1659068  -0.14928418 -0.16832659],[ 1.52482752  2.0518105   3.53461764],[ 0.9  0.   0.2]
651,....,[-0.17328655 -0.15857116 -0.1764782 ],[ 1.34972364  1.86697495  2.57463508],[ 0.9  0.   0.3]
652,....,[-0.17722035 -0.16422634 -0.18148619],[ 1.24843095  1.74113999  2.02845867],[ 0.9  0.   0.4]
653,....,[-0.17959727 -0.16812299 -0.18495941],[ 1.18153099  1.64747154  1.67524695],[ 0.9  0.   0.5]
654,....,[-0.18114963 -0.17101527 -0.18755107],[ 1.1335378   1.57376745  1.42779792],[ 0.9  0.   0.6]
655,....,[-0.10657484 -0.09557053 -0.12245454],[ 2.61065721  2.06978667  9.65588335],[ 0.9  0.1  0. ]
656,....,[-0.15209525 -0.14343264 -0.16485934],[ 1.64399093  1.71572651  4.55818901],[ 0.9  0.1  0.1]
657,....,[-0.16549333 -0.15768582 -0.17734512],[ 1.36107195  1.55663432  3.03461758],[ 0.9  0.1  0.2]
658,....,[-0.17186355 -0.16482687 -0.18363609],[ 1.22262959  1.45650177  2.28594904],[ 0.9  0.1  0.3]
659,....,[-0.17553923 -0.1692181  -0.18753497],[ 1.13949237  1.38457425  1.8379436 ],[ 0.9  0.1  0.4]
660,....,[-0.17790182 -0.17224163 -0.19024182],[ 1.08352868  1.32901265  1.53885651],[ 0.9  0.1  0.5]
661,....,[-0.12612861 -0.11826496 -0.14297437],[ 2.11059409  1.59294323  7.16705801],[ 0.9  0.2  0. ]
662,....,[-0.1558643  -0.1506917  -0.17233539],[ 1.47352382  1.39466309  3.85855734],[ 0.9  0.2  0.1]
663,....,[-0.16645769 -0.16201589 -0.1824065 ],[ 1.25268014  1.29466388  2.68757271],[ 0.9  0.2  0.2]
664,....,[-0.17191139 -0.16796098 -0.18769305],[ 1.13785887  1.22864667  2.0738707 ],[ 0.9  0.2  0.3]
665,....,[-0.17521585 -0.1716835  -0.19102042],[ 1.06671515  1.17983551  1.69302954],[ 0.9  0.2  0.4]
666,....,[-0.13752792 -0.13145201 -0.15537853],[ 1.81328707  1.32840082  5.7398636 ],[ 0.9  0.3  0. ]
667,....,[-0.15899929 -0.15544048 -0.17739929],[ 1.35203654  1.19867667  3.36700051],[ 0.9  0.3  0.1]
668,....,[-0.16765495 -0.16481013 -0.18584434],[ 1.17250157  1.1282351   2.42507946],[ 0.9  0.3  0.2]
669,....,[-0.14510853 -0.14016413 -0.16381386],[ 1.61282483  1.15713934  4.80299615],[ 0.9  0.4  0. ]
670,....,[-0.16157134 -0.15887829 -0.1811599 ],[ 1.25951706  1.06453128  2.99741995],[ 0.9  0.4  0.1]
671,....,[-0.16882509 -0.16683492 -0.18841195],[ 1.10951645  1.01146251  2.21660257],[ 0.9  0.4  0.2]
672,....,[-0.1505606  -0.14638716 -0.16997595],[ 1.46710004  1.03593686  4.13673562],[ 0.9  0.5  0. ]
673,....,[-0.16370322 -0.1615236  -0.18410937],[ 1.185953    0.96599875  2.7070606 ],[ 0.9  0.5  0.1]
674,....,[-0.15469289 -0.15107423 -0.17470258],[ 1.35566973  0.9449977   3.63687612],[ 0.9  0.6  0. ]
675,....,[-0.07166154 -0.05467987 -0.09154449],[  3.41151738   2.9979853   14.30206614],[ 1.  0.  0.]
676,....,[-0.14910365 -0.13124174 -0.15675368],[ 1.7968492   2.19430114  5.51267301],[ 1.   0.   0.1]
677,....,[-0.16602702 -0.14963879 -0.17266205],[ 1.4262072   1.90112638  3.46376689],[ 1.   0.   0.2]
678,....,[-0.17327762 -0.15848732 -0.18041297],[ 1.25730848  1.73117151  2.53510589],[ 1.   0.   0.3]
679,....,[-0.17719879 -0.16388296 -0.18518148],[ 1.15919815  1.61500785  2.00281672],[ 1.   0.   0.4]
680,....,[-0.1795962  -0.16760103 -0.18848906],[ 1.09432632  1.52835211  1.65704422],[ 1.   0.   0.5]
681,....,[-0.11073883 -0.09929966 -0.12954133],[ 2.44927686  1.94077443  9.19028524],[ 1.   0.1  0. ]
682,....,[-0.15304018 -0.14366058 -0.1687996 ],[ 1.5511658   1.6125844   4.45140303],[ 1.   0.1  0.1]
683,....,[-0.16594438 -0.15732024 -0.18075043],[ 1.2790234   1.46239052  2.98539765],[ 1.   0.1  0.2]
684,....,[-0.17216338 -0.16422823 -0.1868245 ],[ 1.14449293  1.36743139  2.25699258],[ 1.   0.1  0.3]
685,....,[-0.17578156 -0.16849242 -0.19060077],[ 1.06334441  1.2991053   1.8185904 ],[ 1.   0.1  0.4]
686,....,[-0.12871467 -0.1201181  -0.14823703],[ 1.99298706  1.50639422  6.90249056],[ 1.   0.2  0. ]
687,....,[-0.15671562 -0.15056355 -0.17576114],[ 1.39271948  1.31900358  3.7823288 ],[ 1.   0.2  0.1]
688,....,[-0.1669482  -0.16147161 -0.1854475 ],[ 1.17922718  1.22321994  2.64976315],[ 1.   0.2  0.2]
689,....,[-0.1722719  -0.16725084 -0.19057581],[ 1.06725747  1.15976072  2.05078422],[ 1.   0.2  0.3]
690,....,[-0.13937784 -0.13246274 -0.15975004],[ 1.71692125  1.2608406   5.56551042],[ 1.   0.3  0. ]
691,....,[-0.15974899 -0.15515502 -0.18054532],[ 1.27864118  1.13696978  3.30861921],[ 1.   0.3  0.1]
692,....,[-0.16812958 -0.16420731 -0.18868989],[ 1.10450871  1.06896277  2.39450488],[ 1.   0.3  0.2]
693,....,[-0.14654025 -0.14071489 -0.167666  ],[ 1.52889495  1.10023256  4.67808354],[ 1.   0.4  0. ]
694,....,[-0.16223656 -0.15850659 -0.18412737],[ 1.1912259   1.01122346  2.95072482],[ 1.   0.4  0.1]
695,....,[-0.15172587 -0.14665468 -0.17349117],[ 1.39130441  0.98582823  4.04225599],[ 1.   0.5  0. ]
